{"stats":{"minecraft:killed_by":{"minecraft:player":1,"minecraft:zombie":1},"minecraft:killed":{"minecraft:spider":7,"minecraft:bat":1,"enemyexpansion:direwolf":1,"minecraft:creeper":1,"born_in_chaos_v1:maggot":3,"minecraft:skeleton":1,"minecraft:zombie":9,"born_in_chaos_v1:dark_vortex":1},"minecraft:used":{"minecraft:cooked_mutton":2,"minecraft:mossy_stone_bricks":34,"minecraft:baked_potato":4,"minecraft:dried_kelp":3,"quark:crab_leg":1,"minecraft:mossy_stone_brick_stairs":1,"minecraft:iron_sword":95,"minecraft:cracked_stone_bricks":5,"minecraft:iron_chestplate":1,"minecraft:torch":1,"minecraft:carrot":6,"farmersdelight:steak_and_potatoes":1,"minecraft:stripped_bamboo_block":2,"born_in_chaos_v1:monster_flesh":1,"minecraft:iron_pickaxe":79,"minecraft:stone_bricks":24,"globalxp:xp_block":1,"minecraft:potion":1,"travelersbackpack:standard":1,"minecraft:cooked_beef":8,"tombstone:gift":3,"minecraft:potato":2},"minecraft:picked_up":{"quark:crab_leg":1,"minecraft:iron_chestplate":2,"minecraft:chainmail_boots":1,"minecraft:suspicious_stew":2,"minecraft:golden_leggings":1,"aether:iron_gloves":1,"minecraft:potato":2,"minecraft:tuff":1,"minecraft:stone_brick_stairs":1,"tombstone:grave_key":1,"minecraft:golden_boots":1,"securitycraft:keypad_chest":2,"minecraft:golden_sword":1,"minecraft:gunpowder":3,"minecraft:string":3,"shieldexp:wooden_shield":1,"minecraft:stripped_bamboo_block":2,"minecraft:cooked_mutton":2,"minecraft:bone":13,"minecraft:stone_bricks":8,"minecraft:cracked_stone_bricks":8,"mca:rose_gold_ingot":1,"minecraft:mossy_stone_bricks":20,"minecraft:iron_pickaxe":1,"minecraft:chest":1,"minecraft:iron_sword":1,"globalxp:xp_block":2,"minecraft:mossy_stone_brick_stairs":3,"minecraft:diamond_hoe":1,"minecraft:iron_boots":2,"regions_unexplored:silver_birch_sapling":1,"minecraft:stick":5,"farmersdelight:steak_and_potatoes":1,"minecraft:gravel":2,"born_in_chaos_v1:dark_rod":1,"minecraft:spider_eye":2,"minecraft:mossy_cobblestone":3,"minecraft:bundle":2,"travelersbackpack:standard":1,"minecraft:rotten_flesh":8,"regions_unexplored:silver_birch_log":9,"minecraft:iron_helmet":3,"minecraft:saddle":1,"create:veridium":9,"minecraft:gold_ingot":3,"alexsmobs:maggot":2,"minecraft:iron_bars":20,"minecraft:cobblestone":9,"minecraft:ender_pearl":3},"minecraft:crafted":{"minecraft:birch_planks":36},"minecraft:mined":{"minecraft:tuff":1,"minecraft:mossy_cobblestone":1,"regions_unexplored:silver_birch_leaf_pile":2,"minecraft:granite":12,"minecraft:spawner":14,"minecraft:iron_bars":4,"regions_unexplored:silver_birch_log":10,"minecraft:cracked_stone_bricks":5,"minecraft:stone":9,"minecraft:stone_bricks":5,"create:veridium":9,"minecraft:mossy_stone_bricks":15,"minecraft:deepslate":2},"minecraft:dropped":{"minecraft:gravel":1,"immersivecaves:immersive_caves_guide":1,"alexsmobs:animal_dictionary":1,"minecraft:mossy_cobblestone":2,"minecraft:iron_helmet":3,"minecraft:knowledge_book":4,"minecraft:iron_boots":2,"minecraft:mossy_stone_brick_stairs":1,"mca:book_romance":1,"minecraft:gunpowder":3,"tombstone:grave_key":1,"minecraft:iron_chestplate":1,"minecraft:golden_leggings":1},"minecraft:custom":{"minecraft:mob_kills":25,"minecraft:open_barrel":10,"minecraft:leave_game":1,"minecraft:time_since_death":10221,"minecraft:sleep_in_bed":2,"minecraft:climb_one_cm":2018,"minecraft:damage_resisted":58,"minecraft:time_since_rest":9823,"minecraft:waystone_activated":1,"minecraft:sprint_one_cm":245150,"minecraft:walk_one_cm":196812,"minecraft:damage_taken":6551,"minecraft:damage_absorbed":360,"minecraft:drop":20,"minecraft:damage_dealt":4377,"minecraft:swim_one_cm":5061,"minecraft:fly_one_cm":99447,"minecraft:player_kills":1,"minecraft:open_chest":63,"minecraft:crouch_one_cm":5475,"minecraft:play_time":57763,"tombstone:undead_killed":10,"minecraft:deaths":15,"minecraft:sneak_time":2667,"minecraft:walk_under_water_one_cm":1041,"minecraft:jump":471,"minecraft:interact_with_blast_furnace":1,"minecraft:walk_on_water_one_cm":5026,"minecraft:total_world_time":57763,"minecraft:fall_one_cm":7972}},"DataVersion":3465}