{"stats":{"minecraft:broken":{"minecraft:golden_leggings":1},"minecraft:mined":{"minecraft:tuff":1,"regions_unexplored:maple_planks":1,"minecraft:mossy_cobblestone":1,"regions_unexplored:silver_birch_leaf_pile":2,"minecraft:nether_bricks":1,"minecraft:granite":12,"minecraft:spawner":19,"minecraft:fire":5,"minecraft:cobbled_deepslate":1,"minecraft:nether_brick_stairs":8,"minecraft:iron_bars":9,"regions_unexplored:silver_birch_log":10,"minecraft:cracked_stone_bricks":7,"minecraft:stone_bricks":5,"minecraft:stone":9,"create:veridium":9,"minecraft:netherrack":3,"minecraft:mossy_stone_bricks":15,"minecraft:deepslate":2},"minecraft:crafted":{"minecraft:birch_planks":36},"minecraft:dropped":{"minecraft:golden_boots":1,"minecraft:gravel":1,"immersivecaves:immersive_caves_guide":1,"minecraft:mossy_cobblestone":2,"alexsmobs:animal_dictionary":1,"minecraft:glass_bottle":1,"minecraft:iron_helmet":3,"minecraft:knowledge_book":13,"minecraft:iron_boots":2,"minecraft:mossy_stone_brick_stairs":1,"mca:book_romance":1,"minecraft:gunpowder":3,"tombstone:grave_key":2,"minecraft:iron_chestplate":1,"minecraft:golden_leggings":1,"minecraft:golden_sword":1,"minecraft:dead_bush":14,"minecraft:iron_bars":9},"minecraft:used":{"minecraft:cooked_mutton":2,"minecraft:mossy_stone_bricks":34,"minecraft:baked_potato":4,"minecraft:red_nether_bricks":2,"minecraft:dried_kelp":3,"quark:crab_leg":1,"minecraft:mossy_stone_brick_stairs":1,"minecraft:iron_sword":154,"minecraft:cracked_stone_bricks":29,"minecraft:rotten_flesh":12,"minecraft:netherrack":2,"minecraft:iron_chestplate":1,"minecraft:golden_apple":6,"minecraft:torch":1,"minecraft:carrot":6,"farmersdelight:steak_and_potatoes":1,"born_in_chaos_v1:corpse_maggot":2,"minecraft:stripped_bamboo_block":2,"born_in_chaos_v1:monster_flesh":1,"minecraft:iron_pickaxe":109,"minecraft:stone_bricks":24,"minecraft:potion":4,"globalxp:xp_block":1,"travelersbackpack:standard":2,"tombstone:gift":3,"minecraft:cooked_beef":8,"minecraft:potato":2,"minecraft:cobbled_deepslate":7,"minecraft:golden_axe":1},"minecraft:picked_up":{"quark:crab_leg":1,"born_in_chaos_v1:corpse_maggot":11,"minecraft:iron_chestplate":3,"minecraft:chainmail_boots":1,"minecraft:suspicious_stew":2,"minecraft:golden_leggings":1,"aether:iron_gloves":1,"minecraft:potato":2,"minecraft:potion":1,"regions_unexplored:maple_planks":3,"minecraft:tuff":1,"minecraft:knowledge_book":5,"minecraft:stone_brick_stairs":1,"tombstone:grave_key":1,"minecraft:golden_boots":1,"securitycraft:keypad_chest":2,"minecraft:golden_sword":1,"minecraft:gunpowder":8,"minecraft:string":3,"tombstone:gift":1,"shieldexp:wooden_shield":1,"minecraft:red_nether_bricks":2,"minecraft:cooked_mutton":2,"minecraft:stripped_bamboo_block":2,"minecraft:bone":14,"minecraft:stone_bricks":8,"minecraft:cracked_stone_bricks":10,"mca:rose_gold_ingot":1,"minecraft:cobbled_deepslate":7,"minecraft:mossy_stone_bricks":20,"minecraft:iron_pickaxe":1,"minecraft:glass_bottle":1,"minecraft:chest":2,"minecraft:iron_sword":1,"globalxp:xp_block":2,"minecraft:mossy_stone_brick_stairs":3,"minecraft:diamond_hoe":1,"minecraft:iron_boots":2,"regions_unexplored:silver_birch_sapling":1,"minecraft:stick":5,"farmersdelight:steak_and_potatoes":1,"minecraft:gravel":2,"born_in_chaos_v1:dark_rod":1,"minecraft:nether_brick_stairs":6,"minecraft:dead_bush":14,"minecraft:dark_oak_log":1,"minecraft:spider_eye":2,"minecraft:mossy_cobblestone":3,"minecraft:bundle":2,"travelersbackpack:standard":1,"minecraft:rotten_flesh":19,"minecraft:nether_bricks":1,"tombstone:tablet_of_recall":1,"regions_unexplored:silver_birch_log":9,"minecraft:iron_helmet":3,"create:veridium":9,"minecraft:saddle":1,"minecraft:gold_ingot":3,"alexsmobs:maggot":2,"minecraft:netherrack":2,"minecraft:iron_bars":26,"minecraft:cobblestone":9,"minecraft:ender_pearl":3},"minecraft:killed":{"minecraft:cave_spider":1,"born_in_chaos_v1:zombie_lumberjack":1,"minecraft:spider":7,"minecraft:bat":1,"enemyexpansion:direwolf":1,"minecraft:creeper":2,"born_in_chaos_v1:maggot":3,"minecraft:skeleton":2,"minecraft:zombie":12,"born_in_chaos_v1:corpse_fly":9,"enemyexpansion:botfly":4,"born_in_chaos_v1:dark_vortex":1,"minecraft:stray":1},"minecraft:custom":{"minecraft:mob_kills":46,"minecraft:open_barrel":10,"minecraft:leave_game":3,"minecraft:time_since_death":6535,"minecraft:damage_resisted":62,"minecraft:sleep_in_bed":2,"minecraft:climb_one_cm":2456,"minecraft:time_since_rest":6045,"minecraft:waystone_activated":1,"minecraft:sprint_one_cm":313588,"minecraft:damage_absorbed":849,"minecraft:damage_taken":8162,"minecraft:walk_one_cm":288655,"minecraft:drop":36,"minecraft:damage_dealt":7211,"minecraft:swim_one_cm":5061,"minecraft:fly_one_cm":104993,"minecraft:player_kills":1,"minecraft:open_chest":77,"minecraft:crouch_one_cm":8909,"minecraft:play_time":80012,"tombstone:undead_killed":16,"minecraft:deaths":17,"minecraft:sneak_time":3583,"minecraft:walk_under_water_one_cm":1041,"minecraft:jump":553,"minecraft:interact_with_blast_furnace":1,"minecraft:walk_on_water_one_cm":5098,"minecraft:total_world_time":80012,"minecraft:fall_one_cm":8994},"minecraft:killed_by":{"minecraft:player":1,"minecraft:zombie":1}},"DataVersion":3465}