{"stats":{"minecraft:killed_by":{"minecraft:player":1},"minecraft:used":{"born_in_chaos_v1:monster_flesh":1,"minecraft:dried_kelp":3,"minecraft:iron_chestplate":1,"travelersbackpack:standard":1,"minecraft:carrot":6},"minecraft:picked_up":{"regions_unexplored:silver_birch_sapling":1,"quark:crab_leg":1,"minecraft:iron_chestplate":1,"farmersdelight:steak_and_potatoes":1,"minecraft:suspicious_stew":2,"aether:iron_gloves":1,"minecraft:potato":2,"securitycraft:keypad_chest":2,"shieldexp:wooden_shield":1,"travelersbackpack:standard":1,"minecraft:cooked_mutton":2,"minecraft:stripped_bamboo_block":2,"mca:rose_gold_ingot":1,"regions_unexplored:silver_birch_log":9,"minecraft:iron_helmet":1,"minecraft:gold_ingot":3,"alexsmobs:maggot":2,"minecraft:iron_sword":1,"globalxp:xp_block":2,"minecraft:diamond_hoe":1,"minecraft:ender_pearl":3},"minecraft:crafted":{"minecraft:birch_planks":36},"minecraft:mined":{"regions_unexplored:silver_birch_leaf_pile":2,"regions_unexplored:silver_birch_log":10},"minecraft:dropped":{"mca:book_romance":1,"immersivecaves:immersive_caves_guide":1,"alexsmobs:animal_dictionary":1,"minecraft:knowledge_book":4},"minecraft:custom":{"minecraft:time_since_rest":987,"minecraft:waystone_activated":1,"minecraft:sprint_one_cm":35558,"minecraft:damage_taken":515,"minecraft:walk_one_cm":33174,"minecraft:drop":7,"minecraft:damage_dealt":51,"minecraft:swim_one_cm":5061,"minecraft:fly_one_cm":76246,"minecraft:player_kills":1,"minecraft:open_barrel":8,"minecraft:open_chest":6,"minecraft:crouch_one_cm":41,"minecraft:play_time":11036,"minecraft:deaths":1,"minecraft:sneak_time":47,"minecraft:walk_under_water_one_cm":916,"minecraft:jump":267,"minecraft:time_since_death":3386,"minecraft:walk_on_water_one_cm":3558,"minecraft:total_world_time":11036,"minecraft:fall_one_cm":5279}},"DataVersion":3465}