{"stats":{"minecraft:killed_by":{"minecraft:player":1,"minecraft:zombie":1},"minecraft:killed":{"minecraft:spider":3,"minecraft:bat":1,"minecraft:creeper":1,"born_in_chaos_v1:maggot":3,"minecraft:skeleton":1,"minecraft:zombie":8},"minecraft:used":{"minecraft:cooked_mutton":2,"minecraft:mossy_stone_bricks":7,"minecraft:baked_potato":3,"minecraft:dried_kelp":3,"quark:crab_leg":1,"minecraft:mossy_stone_brick_stairs":1,"minecraft:iron_sword":70,"minecraft:iron_chestplate":1,"minecraft:torch":1,"minecraft:carrot":6,"farmersdelight:steak_and_potatoes":1,"minecraft:stripped_bamboo_block":2,"born_in_chaos_v1:monster_flesh":1,"minecraft:iron_pickaxe":21,"minecraft:stone_bricks":24,"globalxp:xp_block":1,"minecraft:potion":1,"travelersbackpack:standard":1,"tombstone:gift":3,"minecraft:potato":2},"minecraft:picked_up":{"quark:crab_leg":1,"minecraft:iron_chestplate":1,"minecraft:suspicious_stew":2,"minecraft:golden_leggings":1,"aether:iron_gloves":1,"minecraft:potato":2,"minecraft:stone_brick_stairs":1,"tombstone:grave_key":1,"securitycraft:keypad_chest":2,"minecraft:golden_sword":1,"minecraft:gunpowder":2,"minecraft:string":1,"shieldexp:wooden_shield":1,"minecraft:stripped_bamboo_block":2,"minecraft:cooked_mutton":2,"minecraft:bone":1,"minecraft:stone_bricks":7,"minecraft:cracked_stone_bricks":6,"mca:rose_gold_ingot":1,"minecraft:mossy_stone_bricks":6,"minecraft:iron_sword":1,"globalxp:xp_block":2,"minecraft:mossy_stone_brick_stairs":3,"minecraft:diamond_hoe":1,"regions_unexplored:silver_birch_sapling":1,"farmersdelight:steak_and_potatoes":1,"minecraft:gravel":1,"minecraft:spider_eye":1,"minecraft:bundle":2,"travelersbackpack:standard":1,"minecraft:rotten_flesh":8,"regions_unexplored:silver_birch_log":9,"minecraft:iron_helmet":2,"minecraft:gold_ingot":3,"alexsmobs:maggot":2,"minecraft:iron_bars":9,"minecraft:cobblestone":3,"minecraft:ender_pearl":3},"minecraft:crafted":{"minecraft:birch_planks":36},"minecraft:mined":{"regions_unexplored:silver_birch_leaf_pile":2,"minecraft:spawner":7,"minecraft:iron_bars":2,"regions_unexplored:silver_birch_log":10,"minecraft:cracked_stone_bricks":3,"minecraft:stone":3,"minecraft:stone_bricks":4,"minecraft:mossy_stone_bricks":1},"minecraft:dropped":{"immersivecaves:immersive_caves_guide":1,"alexsmobs:animal_dictionary":1,"minecraft:knowledge_book":4,"minecraft:mossy_stone_brick_stairs":1,"mca:book_romance":1,"tombstone:grave_key":1},"minecraft:custom":{"minecraft:mob_kills":17,"minecraft:open_barrel":10,"minecraft:leave_game":1,"minecraft:time_since_death":9419,"minecraft:sleep_in_bed":2,"minecraft:climb_one_cm":161,"minecraft:damage_resisted":58,"minecraft:time_since_rest":8850,"minecraft:waystone_activated":1,"minecraft:sprint_one_cm":199318,"minecraft:walk_one_cm":158357,"minecraft:damage_taken":5176,"minecraft:damage_absorbed":360,"minecraft:drop":9,"minecraft:damage_dealt":3048,"minecraft:swim_one_cm":5061,"minecraft:fly_one_cm":95439,"minecraft:player_kills":1,"minecraft:open_chest":48,"minecraft:crouch_one_cm":1858,"minecraft:play_time":45763,"tombstone:undead_killed":9,"minecraft:deaths":14,"minecraft:sneak_time":944,"minecraft:walk_under_water_one_cm":1041,"minecraft:jump":413,"minecraft:interact_with_blast_furnace":1,"minecraft:walk_on_water_one_cm":3944,"minecraft:total_world_time":45763,"minecraft:fall_one_cm":7368}},"DataVersion":3465}