{"stats":{"minecraft:killed_by":{"minecraft:player":1},"minecraft:killed":{"minecraft:zombie":3,"born_in_chaos_v1:maggot":2},"minecraft:used":{"minecraft:stripped_bamboo_block":2,"born_in_chaos_v1:monster_flesh":1,"minecraft:dried_kelp":3,"minecraft:iron_sword":19,"minecraft:stone_bricks":5,"minecraft:iron_chestplate":1,"travelersbackpack:standard":1,"minecraft:carrot":6,"farmersdelight:steak_and_potatoes":1,"minecraft:potato":2},"minecraft:picked_up":{"regions_unexplored:silver_birch_sapling":1,"quark:crab_leg":1,"minecraft:iron_chestplate":1,"farmersdelight:steak_and_potatoes":1,"minecraft:suspicious_stew":2,"aether:iron_gloves":1,"minecraft:potato":2,"securitycraft:keypad_chest":2,"minecraft:bundle":1,"shieldexp:wooden_shield":1,"travelersbackpack:standard":1,"minecraft:cooked_mutton":2,"minecraft:stripped_bamboo_block":2,"minecraft:rotten_flesh":4,"mca:rose_gold_ingot":1,"regions_unexplored:silver_birch_log":9,"minecraft:iron_helmet":1,"minecraft:gold_ingot":3,"alexsmobs:maggot":2,"minecraft:iron_sword":1,"globalxp:xp_block":2,"minecraft:diamond_hoe":1,"minecraft:ender_pearl":3},"minecraft:crafted":{"minecraft:birch_planks":36},"minecraft:mined":{"regions_unexplored:silver_birch_leaf_pile":2,"regions_unexplored:silver_birch_log":10},"minecraft:dropped":{"mca:book_romance":1,"immersivecaves:immersive_caves_guide":1,"alexsmobs:animal_dictionary":1,"minecraft:knowledge_book":4},"minecraft:custom":{"minecraft:time_since_rest":555,"minecraft:waystone_activated":1,"minecraft:sprint_one_cm":50525,"minecraft:damage_taken":791,"minecraft:walk_one_cm":57098,"minecraft:mob_kills":5,"minecraft:drop":7,"minecraft:damage_dealt":853,"minecraft:swim_one_cm":5061,"minecraft:fly_one_cm":78670,"minecraft:player_kills":1,"minecraft:open_barrel":9,"minecraft:open_chest":11,"minecraft:crouch_one_cm":41,"minecraft:play_time":17036,"tombstone:undead_killed":3,"minecraft:deaths":1,"minecraft:sneak_time":47,"minecraft:walk_under_water_one_cm":1041,"minecraft:jump":289,"minecraft:interact_with_blast_furnace":1,"minecraft:time_since_death":9386,"minecraft:walk_on_water_one_cm":3944,"minecraft:sleep_in_bed":2,"minecraft:total_world_time":17036,"minecraft:fall_one_cm":5488}},"DataVersion":3465}