{"stats":{"minecraft:killed_by":{"minecraft:player":1,"minecraft:zombie":1},"minecraft:killed":{"minecraft:zombie":5,"minecraft:spider":2,"born_in_chaos_v1:maggot":2},"minecraft:used":{"minecraft:cooked_mutton":2,"minecraft:stripped_bamboo_block":2,"born_in_chaos_v1:monster_flesh":1,"minecraft:dried_kelp":3,"minecraft:iron_pickaxe":15,"minecraft:iron_sword":38,"minecraft:stone_bricks":24,"minecraft:iron_chestplate":1,"minecraft:torch":1,"globalxp:xp_block":1,"travelersbackpack:standard":1,"minecraft:carrot":6,"farmersdelight:steak_and_potatoes":1,"minecraft:potato":2},"minecraft:picked_up":{"regions_unexplored:silver_birch_sapling":1,"quark:crab_leg":1,"minecraft:iron_chestplate":1,"farmersdelight:steak_and_potatoes":1,"minecraft:suspicious_stew":2,"aether:iron_gloves":1,"minecraft:potato":2,"tombstone:grave_key":1,"securitycraft:keypad_chest":2,"minecraft:spider_eye":1,"minecraft:string":1,"minecraft:bundle":1,"shieldexp:wooden_shield":1,"travelersbackpack:standard":1,"minecraft:cooked_mutton":2,"minecraft:stripped_bamboo_block":2,"minecraft:rotten_flesh":8,"minecraft:stone_bricks":4,"minecraft:cracked_stone_bricks":6,"mca:rose_gold_ingot":1,"regions_unexplored:silver_birch_log":9,"minecraft:iron_helmet":1,"minecraft:mossy_stone_bricks":1,"minecraft:gold_ingot":3,"alexsmobs:maggot":2,"minecraft:cobblestone":3,"minecraft:iron_bars":2,"minecraft:iron_sword":1,"globalxp:xp_block":2,"minecraft:diamond_hoe":1,"minecraft:ender_pearl":3},"minecraft:crafted":{"minecraft:birch_planks":36},"minecraft:mined":{"regions_unexplored:silver_birch_leaf_pile":2,"minecraft:iron_bars":2,"regions_unexplored:silver_birch_log":10,"minecraft:cracked_stone_bricks":3,"minecraft:stone":3,"minecraft:stone_bricks":4,"minecraft:mossy_stone_bricks":1,"minecraft:spawner":2},"minecraft:dropped":{"mca:book_romance":1,"immersivecaves:immersive_caves_guide":1,"alexsmobs:animal_dictionary":1,"tombstone:grave_key":1,"minecraft:knowledge_book":4},"minecraft:custom":{"minecraft:time_since_rest":1,"minecraft:waystone_activated":1,"minecraft:sprint_one_cm":116065,"minecraft:damage_taken":2534,"minecraft:walk_one_cm":107929,"minecraft:mob_kills":9,"minecraft:drop":8,"minecraft:damage_dealt":1567,"minecraft:swim_one_cm":5061,"minecraft:fly_one_cm":87701,"minecraft:player_kills":1,"minecraft:open_barrel":10,"minecraft:open_chest":26,"minecraft:crouch_one_cm":596,"minecraft:play_time":29036,"tombstone:undead_killed":5,"minecraft:deaths":7,"minecraft:sneak_time":241,"minecraft:walk_under_water_one_cm":1041,"minecraft:jump":341,"minecraft:climb_one_cm":161,"minecraft:interact_with_blast_furnace":1,"minecraft:time_since_death":75,"minecraft:walk_on_water_one_cm":3944,"minecraft:sleep_in_bed":2,"minecraft:total_world_time":29036,"minecraft:fall_one_cm":7368}},"DataVersion":3465}