{"stats":{"minecraft:killed_by":{"minecraft:player":2},"minecraft:killed":{"born_in_chaos_v1:restless_spirit":3,"minecraft:spider":7,"minecraft:creeper":2,"minecraft:skeleton":1,"minecraft:zombie":2,"minecraft:fox":1,"born_in_chaos_v1:corpse_fly":1,"born_in_chaos_v1:nightmare_stalker":1},"minecraft:used":{"minecraft:cooked_mutton":1,"cataclysm:ignitium_boots":1,"minecraft:water_bucket":8,"securitycraft:keypad_chest":8,"minecraft:baked_potato":2,"minecraft:chest":1,"minecraft:wooden_pickaxe":31,"minecraft:stone":9,"minecraft:iron_sword":85,"minecraft:rotten_flesh":1,"minecraft:torch":28,"minecraft:dirt":21,"minecraft:crafting_table":1,"minecraft:carrot":8,"minecraft:milk_bucket":3,"minecraft:wooden_axe":11,"minecraft:apple":8,"born_in_chaos_v1:monster_flesh":2,"minecraft:bread":2,"cataclysm:ignitium_leggings":1,"minecraft:suspicious_stew":1,"minecraft:copper_ore":35,"cataclysm:ignitium_helmet":1,"minecraft:golden_leggings":1,"minecraft:golden_helmet":1,"minecraft:cobblestone":1,"travelersbackpack:standard":1,"minecraft:bucket":4,"alexsmobs:animal_dictionary":1,"minecraft:cooked_beef":2,"cataclysm:ignitium_elytra_chestplate":1,"minecraft:enchanted_golden_apple":1,"minecraft:splash_potion":1,"minecraft:chainmail_leggings":1},"minecraft:picked_up":{"cataclysm:ignitium_upgrade_smithing_template":64,"minecraft:iron_chestplate":1,"cataclysm:ignitium_chestplate":2,"minecraft:crafting_table":1,"minecraft:cooked_beef":2,"minecraft:suspicious_stew":1,"regions_unexplored:magnolia_log":20,"cataclysm:ignitium_ingot":64,"regions_unexplored:white_magnolia_shrub":1,"aether:iron_gloves":1,"minecraft:potato":2,"minecraft:chain":1,"securitycraft:keypad_chest":2,"minecraft:gunpowder":1,"minecraft:dirt":25,"minecraft:string":5,"shieldexp:wooden_shield":1,"minecraft:leather_boots":1,"minecraft:stripped_bamboo_block":2,"minecraft:cooked_mutton":1,"minecraft:bone":1,"minecraft:apple":64,"mca:rose_gold_ingot":1,"minecraft:wheat_seeds":3,"minecraft:iron_ingot":2,"minecraft:enchanted_golden_apple":1,"minecraft:chest":1,"minecraft:iron_sword":1,"minecraft:diamond_hoe":1,"minecraft:book":1,"minecraft:stick":19,"cataclysm:ignitium_elytra_chestplate":3,"regions_unexplored:white_magnolia_sapling":12,"farmersdelight:steak_and_potatoes":1,"irons_spellbooks:legendary_ink":64,"minecraft:bowl":1,"born_in_chaos_v1:ethereal_spirit":2,"minecraft:carrot":1,"cataclysm:ignitium_helmet":1,"regions_unexplored:pink_magnolia_sapling":1,"travelersbackpack:standard":1,"minecraft:arrow":2,"minecraft:stone_shovel":1,"minecraft:rotten_flesh":4,"securitycraft:secret_spruce_sign_item":1,"minecraft:iron_helmet":1,"minecraft:golden_apple":128,"minecraft:emerald":2,"minecraft:gold_ingot":3,"minecraft:bread":1,"minecraft:iron_bars":3,"regions_unexplored:magnolia_sapling":11,"minecraft:cobblestone":9,"minecraft:ender_pearl":3},"minecraft:crafted":{"minecraft:crafting_table":1,"minecraft:wooden_pickaxe":1,"minecraft:stick":4,"minecraft:wooden_axe":1,"minecraft:torch":16,"regions_unexplored:magnolia_planks":60},"minecraft:mined":{"regions_unexplored:white_magnolia_leaves":6,"regions_unexplored:magnolia_log":15,"minecraft:crafting_table":1,"minecraft:granite":12,"minecraft:grass_block":4,"minecraft:chest":1,"minecraft:cobblestone":1,"regions_unexplored:magnolia_leaves":1,"minecraft:spawner":7,"minecraft:iron_bars":1,"minecraft:cobweb":1,"minecraft:stone":8,"minecraft:spruce_slab":1},"minecraft:dropped":{"minecraft:wheat_seeds":4,"cataclysm:ignitium_ingot":64,"immersivecaves:immersive_caves_guide":1,"irons_spellbooks:legendary_ink":64,"alexsmobs:animal_dictionary":1,"minecraft:bowl":1,"born_in_chaos_v1:ethereal_spirit":2,"minecraft:rotten_flesh":1,"minecraft:enchanted_golden_apple":64,"minecraft:apple":64,"cataclysm:ignitium_upgrade_smithing_template":64,"cataclysm:ignitium_elytra_chestplate":3,"minecraft:golden_apple":128,"minecraft:stick":7,"minecraft:dirt":18,"mca:book_romance":1,"cataclysm:ignitium_helmet":1,"cataclysm:ignitium_chestplate":2},"minecraft:custom":{"minecraft:mob_kills":18,"minecraft:interact_with_crafting_table":1,"minecraft:open_barrel":5,"minecraft:leave_game":5,"minecraft:time_since_death":9818,"minecraft:damage_resisted":82,"minecraft:time_since_rest":9580,"minecraft:sprint_one_cm":253711,"minecraft:walk_one_cm":206958,"minecraft:damage_taken":3777,"minecraft:damage_absorbed":136,"minecraft:drop":23,"minecraft:damage_dealt":3673,"minecraft:swim_one_cm":12598,"minecraft:fly_one_cm":130615,"minecraft:player_kills":1,"minecraft:open_chest":46,"minecraft:crouch_one_cm":4890,"minecraft:play_time":87770,"tombstone:undead_killed":3,"minecraft:deaths":4,"minecraft:sneak_time":2214,"minecraft:walk_under_water_one_cm":5519,"minecraft:jump":786,"minecraft:walk_on_water_one_cm":5653,"minecraft:total_world_time":87770,"minecraft:fall_one_cm":7907}},"DataVersion":3465}