{"stats":{"minecraft:used":{"minecraft:copper_ore":35,"alexsmobs:animal_dictionary":1,"minecraft:dirt":14,"minecraft:stone":5,"minecraft:splash_potion":1,"minecraft:milk_bucket":1,"securitycraft:keypad_chest":8},"minecraft:dropped":{"alexsmobs:animal_dictionary":1,"mca:book_romance":1,"immersivecaves:immersive_caves_guide":1},"minecraft:custom":{"minecraft:jump":102,"minecraft:open_chest":11,"minecraft:time_since_rest":33770,"minecraft:damage_dealt":0,"minecraft:crouch_one_cm":565,"minecraft:leave_game":5,"minecraft:play_time":33770,"minecraft:sprint_one_cm":25333,"minecraft:time_since_death":33770,"minecraft:walk_one_cm":32023,"minecraft:sneak_time":410,"minecraft:total_world_time":33770,"minecraft:drop":3,"minecraft:fly_one_cm":22682}},"DataVersion":3465}