{"stats":{"minecraft:killed_by":{"minecraft:player":2},"minecraft:killed":{"born_in_chaos_v1:restless_spirit":3,"minecraft:spider":7,"minecraft:creeper":2,"minecraft:skeleton":1,"minecraft:zombie":2,"minecraft:fox":1,"born_in_chaos_v1:corpse_fly":1,"born_in_chaos_v1:nightmare_stalker":1},"minecraft:used":{"tombstone:scroll_of_mercy":1,"minecraft:cooked_mutton":1,"cataclysm:ignitium_boots":1,"minecraft:water_bucket":8,"minecraft:stone_pickaxe":32,"securitycraft:keypad_chest":8,"minecraft:baked_potato":2,"minecraft:chest":2,"minecraft:wooden_pickaxe":32,"minecraft:stone":9,"minecraft:iron_sword":85,"minecraft:rotten_flesh":1,"minecraft:torch":32,"minecraft:dirt":21,"minecraft:crafting_table":4,"minecraft:carrot":8,"minecraft:milk_bucket":3,"minecraft:wooden_axe":12,"minecraft:apple":8,"born_in_chaos_v1:monster_flesh":2,"minecraft:bread":2,"cataclysm:ignitium_leggings":1,"minecraft:iron_pickaxe":198,"minecraft:suspicious_stew":1,"minecraft:copper_ore":35,"cataclysm:ignitium_helmet":1,"minecraft:golden_leggings":1,"minecraft:golden_helmet":1,"minecraft:potion":1,"minecraft:cobblestone":1,"travelersbackpack:standard":1,"minecraft:furnace":1,"minecraft:bucket":4,"alexsmobs:animal_dictionary":1,"minecraft:cooked_beef":2,"cataclysm:ignitium_elytra_chestplate":1,"minecraft:enchanted_golden_apple":1,"minecraft:splash_potion":1,"minecraft:chainmail_leggings":1},"minecraft:picked_up":{"cataclysm:ignitium_upgrade_smithing_template":64,"minecraft:iron_chestplate":1,"cataclysm:ignitium_chestplate":2,"minecraft:crafting_table":2,"minecraft:cooked_beef":2,"minecraft:suspicious_stew":1,"regions_unexplored:magnolia_log":20,"cataclysm:ignitium_ingot":64,"regions_unexplored:white_magnolia_shrub":1,"aether:iron_gloves":1,"minecraft:potato":2,"minecraft:chain":1,"securitycraft:keypad_chest":2,"minecraft:gunpowder":1,"minecraft:dirt":34,"minecraft:string":5,"shieldexp:wooden_shield":1,"minecraft:leather_boots":2,"minecraft:stripped_bamboo_block":2,"minecraft:cooked_mutton":1,"minecraft:bone":1,"minecraft:apple":64,"mca:rose_gold_ingot":1,"minecraft:wheat_seeds":3,"minecraft:cobbled_deepslate":212,"minecraft:iron_ingot":2,"minecraft:enchanted_golden_apple":1,"minecraft:chest":1,"minecraft:iron_sword":1,"minecraft:diamond_hoe":1,"minecraft:book":1,"minecraft:raw_iron":22,"minecraft:stick":19,"cataclysm:ignitium_elytra_chestplate":3,"regions_unexplored:white_magnolia_sapling":12,"farmersdelight:steak_and_potatoes":1,"irons_spellbooks:legendary_ink":64,"minecraft:bowl":1,"born_in_chaos_v1:ethereal_spirit":2,"minecraft:carrot":1,"cataclysm:ignitium_helmet":1,"regions_unexplored:pink_magnolia_sapling":1,"minecraft:diamond":4,"travelersbackpack:standard":1,"minecraft:arrow":2,"minecraft:stone_shovel":1,"minecraft:rotten_flesh":4,"securitycraft:secret_spruce_sign_item":2,"minecraft:iron_helmet":1,"minecraft:granite":26,"minecraft:golden_apple":128,"minecraft:emerald":2,"minecraft:gold_ingot":3,"minecraft:bread":1,"minecraft:iron_bars":3,"regions_unexplored:magnolia_sapling":11,"minecraft:cobblestone":9,"minecraft:ender_pearl":3},"minecraft:crafted":{"minecraft:crafting_table":3,"minecraft:wooden_pickaxe":1,"minecraft:furnace":1,"minecraft:air":0,"minecraft:diamond_pickaxe":1,"minecraft:stick":4,"minecraft:iron_pickaxe":1,"minecraft:iron_ingot":11,"minecraft:stone_pickaxe":1,"minecraft:wooden_axe":1,"minecraft:torch":16,"regions_unexplored:magnolia_planks":60},"minecraft:mined":{"minecraft:deepslate_diamond_ore":4,"regions_unexplored:white_magnolia_leaves":6,"regions_unexplored:magnolia_log":15,"minecraft:crafting_table":2,"minecraft:granite":13,"minecraft:grass_block":4,"minecraft:chest":1,"minecraft:cobblestone":1,"regions_unexplored:magnolia_leaves":1,"minecraft:spawner":7,"minecraft:deepslate_iron_ore":22,"minecraft:iron_bars":1,"minecraft:cobweb":1,"minecraft:stone":8,"minecraft:deepslate":203,"minecraft:spruce_slab":1},"minecraft:dropped":{"minecraft:wheat_seeds":4,"cataclysm:ignitium_ingot":64,"immersivecaves:immersive_caves_guide":1,"irons_spellbooks:legendary_ink":64,"alexsmobs:animal_dictionary":1,"minecraft:cobbled_deepslate":9,"minecraft:bowl":1,"born_in_chaos_v1:ethereal_spirit":2,"minecraft:rotten_flesh":1,"minecraft:enchanted_golden_apple":64,"minecraft:apple":64,"cataclysm:ignitium_upgrade_smithing_template":64,"minecraft:granite":13,"cataclysm:ignitium_elytra_chestplate":3,"minecraft:golden_apple":128,"minecraft:stick":7,"minecraft:dirt":18,"mca:book_romance":1,"cataclysm:ignitium_helmet":1,"cataclysm:ignitium_chestplate":2,"minecraft:leather_boots":1,"minecraft:iron_bars":3,"securitycraft:secret_spruce_sign_item":2},"minecraft:custom":{"minecraft:interact_with_furnace":5,"minecraft:mob_kills":18,"minecraft:interact_with_crafting_table":6,"minecraft:open_barrel":5,"minecraft:leave_game":5,"minecraft:time_since_death":21818,"minecraft:damage_resisted":82,"minecraft:time_since_rest":21580,"minecraft:sprint_one_cm":259284,"minecraft:walk_one_cm":220305,"minecraft:damage_taken":3777,"minecraft:damage_absorbed":136,"minecraft:drop":30,"minecraft:damage_dealt":3673,"tombstone:cast_on_ally":0,"minecraft:swim_one_cm":12598,"minecraft:fly_one_cm":130643,"minecraft:player_kills":1,"minecraft:open_chest":51,"minecraft:crouch_one_cm":20175,"minecraft:play_time":99770,"tombstone:undead_killed":3,"minecraft:deaths":4,"minecraft:sneak_time":8637,"minecraft:walk_under_water_one_cm":5519,"minecraft:jump":818,"minecraft:walk_on_water_one_cm":5653,"minecraft:total_world_time":99770,"minecraft:fall_one_cm":7907}},"DataVersion":3465}