{"stats":{"minecraft:killed_by":{"minecraft:player":1},"minecraft:killed":{"born_in_chaos_v1:restless_spirit":2,"minecraft:spider":1,"minecraft:creeper":2,"minecraft:zombie":1,"minecraft:fox":1,"born_in_chaos_v1:corpse_fly":1},"minecraft:used":{"minecraft:cooked_mutton":1,"cataclysm:ignitium_boots":1,"minecraft:water_bucket":7,"securitycraft:keypad_chest":8,"minecraft:chest":1,"minecraft:wooden_pickaxe":2,"minecraft:stone":9,"minecraft:iron_sword":32,"minecraft:dirt":15,"minecraft:crafting_table":1,"minecraft:carrot":7,"minecraft:milk_bucket":2,"minecraft:wooden_axe":2,"cataclysm:ignitium_leggings":1,"minecraft:copper_ore":35,"cataclysm:ignitium_helmet":1,"minecraft:bucket":2,"alexsmobs:animal_dictionary":1,"cataclysm:ignitium_elytra_chestplate":1,"minecraft:enchanted_golden_apple":1,"minecraft:splash_potion":1},"minecraft:picked_up":{"cataclysm:ignitium_upgrade_smithing_template":64,"cataclysm:ignitium_chestplate":2,"minecraft:crafting_table":1,"regions_unexplored:magnolia_log":10,"cataclysm:ignitium_ingot":64,"regions_unexplored:white_magnolia_shrub":1,"minecraft:chain":1,"minecraft:gunpowder":1,"minecraft:dirt":14,"minecraft:string":1,"minecraft:cooked_mutton":1,"minecraft:apple":64,"minecraft:enchanted_golden_apple":1,"minecraft:chest":1,"minecraft:stick":9,"cataclysm:ignitium_elytra_chestplate":3,"regions_unexplored:white_magnolia_sapling":6,"irons_spellbooks:legendary_ink":64,"minecraft:bowl":1,"born_in_chaos_v1:ethereal_spirit":1,"cataclysm:ignitium_helmet":1,"regions_unexplored:pink_magnolia_sapling":1,"minecraft:arrow":2,"minecraft:rotten_flesh":1,"minecraft:golden_apple":128,"regions_unexplored:magnolia_sapling":11},"minecraft:crafted":{"minecraft:crafting_table":1,"minecraft:wooden_pickaxe":1,"minecraft:wooden_axe":1,"regions_unexplored:magnolia_planks":20},"minecraft:mined":{"regions_unexplored:white_magnolia_leaves":6,"regions_unexplored:magnolia_log":5,"minecraft:crafting_table":1,"minecraft:grass_block":2,"minecraft:chest":1,"minecraft:spawner":2,"minecraft:cobweb":1},"minecraft:dropped":{"cataclysm:ignitium_ingot":64,"immersivecaves:immersive_caves_guide":1,"irons_spellbooks:legendary_ink":64,"alexsmobs:animal_dictionary":1,"minecraft:bowl":1,"minecraft:rotten_flesh":1,"minecraft:enchanted_golden_apple":64,"minecraft:apple":64,"cataclysm:ignitium_upgrade_smithing_template":64,"cataclysm:ignitium_elytra_chestplate":3,"minecraft:golden_apple":128,"mca:book_romance":1,"cataclysm:ignitium_helmet":1,"cataclysm:ignitium_chestplate":2},"minecraft:custom":{"minecraft:mob_kills":8,"minecraft:interact_with_crafting_table":1,"minecraft:open_barrel":5,"minecraft:leave_game":5,"minecraft:time_since_death":13836,"minecraft:damage_resisted":82,"minecraft:time_since_rest":12336,"minecraft:sprint_one_cm":177573,"minecraft:walk_one_cm":136363,"minecraft:damage_taken":1708,"minecraft:damage_absorbed":136,"minecraft:drop":18,"minecraft:damage_dealt":1191,"minecraft:swim_one_cm":10549,"minecraft:fly_one_cm":118390,"minecraft:open_chest":21,"minecraft:crouch_one_cm":1570,"minecraft:play_time":69770,"tombstone:undead_killed":1,"minecraft:deaths":2,"minecraft:sneak_time":1075,"minecraft:walk_under_water_one_cm":3602,"minecraft:jump":607,"minecraft:walk_on_water_one_cm":5169,"minecraft:total_world_time":69770,"minecraft:fall_one_cm":5987}},"DataVersion":3465}