{"stats":{"minecraft:killed":{"minecraft:zombie":1},"minecraft:used":{"cataclysm:ignitium_boots":1,"cataclysm:ignitium_leggings":1,"securitycraft:keypad_chest":8,"minecraft:copper_ore":35,"minecraft:chest":1,"minecraft:stone":9,"cataclysm:ignitium_helmet":1,"minecraft:dirt":14,"alexsmobs:animal_dictionary":1,"minecraft:splash_potion":1,"cataclysm:ignitium_elytra_chestplate":1,"minecraft:milk_bucket":1},"minecraft:picked_up":{"cataclysm:ignitium_upgrade_smithing_template":64,"cataclysm:ignitium_chestplate":2,"minecraft:stick":1,"cataclysm:ignitium_elytra_chestplate":3,"regions_unexplored:white_magnolia_sapling":6,"irons_spellbooks:legendary_ink":64,"regions_unexplored:magnolia_log":5,"cataclysm:ignitium_ingot":64,"cataclysm:ignitium_helmet":1,"minecraft:apple":64,"minecraft:golden_apple":128},"minecraft:dropped":{"mca:book_romance":1,"cataclysm:ignitium_chestplate":2,"cataclysm:ignitium_helmet":1,"cataclysm:ignitium_ingot":64,"immersivecaves:immersive_caves_guide":1,"irons_spellbooks:legendary_ink":64,"alexsmobs:animal_dictionary":1,"minecraft:apple":64,"cataclysm:ignitium_upgrade_smithing_template":64,"cataclysm:ignitium_elytra_chestplate":3,"minecraft:golden_apple":128},"minecraft:custom":{"minecraft:time_since_rest":1031,"minecraft:sprint_one_cm":55735,"minecraft:walk_one_cm":55842,"minecraft:mob_kills":1,"minecraft:drop":15,"minecraft:damage_dealt":70,"minecraft:fly_one_cm":66202,"minecraft:open_chest":14,"minecraft:crouch_one_cm":592,"minecraft:play_time":45770,"tombstone:undead_killed":1,"minecraft:deaths":1,"minecraft:sneak_time":446,"minecraft:jump":207,"minecraft:leave_game":5,"minecraft:time_since_death":2377,"minecraft:total_world_time":45770}},"DataVersion":3465}