{"stats":{"minecraft:killed_by":{"minecraft:player":1},"minecraft:killed":{"minecraft:zombie":1,"minecraft:creeper":1},"minecraft:used":{"cataclysm:ignitium_boots":1,"minecraft:water_bucket":4,"cataclysm:ignitium_leggings":1,"securitycraft:keypad_chest":8,"minecraft:copper_ore":35,"minecraft:chest":1,"minecraft:stone":9,"minecraft:iron_sword":4,"cataclysm:ignitium_helmet":1,"minecraft:dirt":14,"alexsmobs:animal_dictionary":1,"minecraft:splash_potion":1,"cataclysm:ignitium_elytra_chestplate":1,"minecraft:milk_bucket":2},"minecraft:picked_up":{"cataclysm:ignitium_upgrade_smithing_template":64,"cataclysm:ignitium_chestplate":2,"minecraft:stick":1,"cataclysm:ignitium_elytra_chestplate":3,"regions_unexplored:white_magnolia_sapling":6,"irons_spellbooks:legendary_ink":64,"regions_unexplored:magnolia_log":5,"cataclysm:ignitium_ingot":64,"regions_unexplored:white_magnolia_shrub":1,"minecraft:gunpowder":1,"minecraft:dirt":12,"cataclysm:ignitium_helmet":1,"minecraft:arrow":2,"minecraft:apple":64,"minecraft:golden_apple":128,"regions_unexplored:magnolia_sapling":3},"minecraft:dropped":{"mca:book_romance":1,"cataclysm:ignitium_chestplate":2,"cataclysm:ignitium_helmet":1,"cataclysm:ignitium_ingot":64,"immersivecaves:immersive_caves_guide":1,"irons_spellbooks:legendary_ink":64,"alexsmobs:animal_dictionary":1,"minecraft:rotten_flesh":1,"minecraft:enchanted_golden_apple":64,"minecraft:apple":64,"cataclysm:ignitium_upgrade_smithing_template":64,"cataclysm:ignitium_elytra_chestplate":3,"minecraft:golden_apple":128},"minecraft:custom":{"minecraft:time_since_rest":336,"minecraft:sprint_one_cm":133505,"minecraft:damage_taken":1162,"minecraft:walk_one_cm":89509,"minecraft:mob_kills":2,"minecraft:drop":17,"minecraft:damage_dealt":115,"minecraft:swim_one_cm":8406,"minecraft:fly_one_cm":102645,"minecraft:open_chest":14,"minecraft:crouch_one_cm":746,"minecraft:play_time":57770,"tombstone:undead_killed":1,"minecraft:deaths":2,"minecraft:walk_under_water_one_cm":2680,"minecraft:sneak_time":477,"minecraft:jump":431,"minecraft:leave_game":5,"minecraft:walk_on_water_one_cm":3476,"minecraft:time_since_death":1836,"minecraft:total_world_time":57770}},"DataVersion":3465}