{"stats":{"minecraft:broken":{"minecraft:golden_helmet":1,"minecraft:golden_leggings":1},"minecraft:mined":{"minecraft:dark_oak_planks":1,"minecraft:stripped_warped_stem":1,"minecraft:stone_pressure_plate":1,"regions_unexplored:maple_log":28,"regions_unexplored:magnolia_log":55,"minecraft:obsidian":10,"minecraft:granite":40,"minecraft:grass_block":24,"minecraft:soul_soil":2,"minecraft:deepslate_bricks":2,"minecraft:red_stained_glass_pane":9,"minecraft:spawner":31,"irons_spellbooks:scroll_forge":2,"minecraft:magma_block":5,"minecraft:glowstone":12,"minecraft:mossy_cobblestone_stairs":2,"minecraft:iron_ore":34,"minecraft:cobbled_deepslate":5,"minecraft:deepslate_lapis_ore":8,"minecraft:anvil":1,"minecraft:nether_brick_stairs":2,"minecraft:iron_bars":9,"minecraft:player_head":2,"minecraft:spruce_slab":1,"burnt:smoldering_planks_3":1,"minecraft:deepslate_redstone_ore":5,"minecraft:red_bed":2,"minecraft:blackstone":5,"regions_unexplored:white_magnolia_leaves":7,"minecraft:torch":3,"minecraft:chest":1,"minecraft:nether_brick_slab":1,"minecraft:nether_quartz_ore":3,"minecraft:cobblestone":41,"minecraft:sugar_cane":5,"burnt:smoldering_planks_2":1,"minecraft:warped_nylium":2,"minecraft:tnt":1,"minecraft:grass":5,"minecraft:dirt":76,"regions_unexplored:cobalt_nylium":2,"minecraft:netherrack":355,"regions_unexplored:mycotoxic_grass":1,"minecraft:deepslate":1090,"minecraft:crying_obsidian":1,"minecraft:tuff":36,"minecraft:red_carpet":3,"minecraft:mossy_cobblestone":4,"minecraft:deepslate_diamond_ore":65,"burnt:burnt_planks":5,"minecraft:nether_bricks":112,"regions_unexplored:magnolia_leaves":1,"minecraft:cracked_nether_bricks":1,"create:scorchia":5,"minecraft:andesite":32,"minecraft:black_concrete":18,"biomesoplenty:flesh":18,"minecraft:gold_block":2,"minecraft:nether_brick_fence":2,"minecraft:mossy_stone_brick_stairs":1,"minecraft:deepslate_iron_ore":29,"minecraft:vine":3,"regions_unexplored:medium_grass":2,"irons_spellbooks:inscription_table":1,"minecraft:stone":1121,"regions_unexplored:day_lily":1,"minecraft:smithing_table":1,"minecraft:redstone_block":6,"minecraft:stripped_dark_oak_log":2,"regions_unexplored:mycotoxic_moss":1,"minecraft:warped_fence":1,"minecraft:crafting_table":8,"minecraft:copper_ore":72,"minecraft:lapis_ore":2,"minecraft:deepslate_gold_ore":4,"minecraft:diorite":35,"regions_unexplored:redstone_bud":1,"globalxp:xp_block":6,"quark:deepslate_furnace":1,"minecraft:coal_ore":115,"minecraft:gravel":22,"minecraft:cobweb":1,"minecraft:cracked_stone_bricks":2,"minecraft:stone_bricks":3,"minecraft:warped_slab":1,"minecraft:mossy_stone_bricks":3,"regions_unexplored:magnolia_planks":2},"minecraft:crafted":{"immersive_aircraft:engine":1,"minecraft:smooth_stone":6,"regions_unexplored:maple_planks":80,"minecraft:cooked_chicken":9,"minecraft:stone":6,"minecraft:diamond_shovel":1,"quark:deepslate_furnace":4,"minecraft:diamond_helmet":1,"minecraft:diamond_leggings":1,"immersive_aircraft:hull":3,"minecraft:cooked_rabbit":9,"minecraft:cooked_porkchop":1,"minecraft:diamond_axe":1,"minecraft:crafting_table":6,"minecraft:wooden_pickaxe":1,"minecraft:baked_potato":2,"minecraft:copper_ingot":87,"immersive_aircraft:propeller":1,"minecraft:paper":3,"minecraft:diamond_pickaxe":2,"minecraft:stick":44,"minecraft:iron_ingot":69,"minecraft:iron_pickaxe":1,"minecraft:iron_block":3,"regions_unexplored:magnolia_fence":3,"minecraft:redstone":54,"minecraft:furnace":3,"minecraft:blast_furnace":1,"immersive_aircraft:biplane":1,"minecraft:piston":2,"regions_unexplored:magnolia_slab":6,"minecraft:stone_pickaxe":1,"minecraft:diamond_boots":1,"regions_unexplored:magnolia_planks":80,"minecraft:cooked_cod":9,"minecraft:diamond_sword":1,"immersive_aircraft:boiler":1,"minecraft:air":0,"minecraft:bread":13,"minecraft:wooden_axe":1,"minecraft:anvil":1,"irons_spellbooks:inscription_table":1,"minecraft:torch":140,"minecraft:diamond_chestplate":1},"minecraft:dropped":{"minecraft:nether_brick_stairs":2,"minecraft:iron_sword":4,"minecraft:diamond":10,"minecraft:mossy_stone_brick_stairs":1,"born_in_chaos_v1:pieceofdarkmetal":28,"regions_unexplored:maple_planks":80,"minecraft:flint":8,"minecraft:dirt":92,"minecraft_121_update:ominous_key":1,"irons_spellbooks:arcane_essence":2,"minecraft:chain":3,"minecraft:iron_pickaxe":3,"minecraft:bone":21,"minecraft:gravel":4,"alexsmobs:animal_dictionary":1,"minecraft:cobbled_deepslate":386,"minecraft:wheat":1,"tombstone:gift":3,"born_in_chaos_v1:ethereal_spirit":2,"minecraft:rotten_flesh":16,"minecraft:enchanted_golden_apple":64,"cataclysm:ignitium_upgrade_smithing_template":64,"regions_unexplored:magnolia_slab":3,"born_in_chaos_v1:seedof_chaos":3,"cataclysm:ignitium_helmet":1,"minecraft:leather_boots":2,"minecraft:red_nether_bricks":1,"minecraft:iron_bars":3,"minecraft:arrow":2,"minecraft:ghast_tear":1,"minecraft:written_book":1,"minecraft:netherrack":25,"securitycraft:secret_spruce_sign_item":2,"regions_unexplored:magnolia_planks":9,"minecraft:wheat_seeds":5,"irons_spellbooks:legendary_ink":64,"minecraft:iron_helmet":1,"minecraft:cobblestone":502,"minecraft:apple":64,"minecraft:granite":13,"minecraft:copper_ingot":37,"minecraft:golden_apple":128,"regions_unexplored:day_lily":1,"minecraft:stick":13,"regions_unexplored:red_maple_sapling":1,"mca:book_romance":1,"illagerinvasion:platinum_chunk":1,"minecraft:diorite":2,"regions_unexplored:orange_maple_sapling":3,"minecraft:wooden_axe":3,"tombstone:grave_dust":3,"minecraft:smooth_stone":1,"tombstone:voodoo_poppet":1,"minecraft:spruce_sapling":1,"minecraft:redstone":69,"cataclysm:ignitium_ingot":64,"immersivecaves:immersive_caves_guide":1,"minecraft:nether_wart":10,"minecraft:raw_copper":18,"minecraft:bowl":1,"minecraft:tuff":4,"minecraft:stone_shovel":2,"minecraft:name_tag":1,"born_in_chaos_v1:spiritual_dust":2,"cataclysm:ignitium_elytra_chestplate":3,"alexsmobs:bear_fur":8,"cataclysm:ignitium_chestplate":2,"minecraft:bundle":1,"minecraft:iron_chestplate":1,"minecraft:diamond_pickaxe":1,"minecraft:andesite":22},"minecraft:used":{"minecraft:chest":2,"minecraft:iron_sword":85,"minecraft:stone":9,"minecraft:rotten_flesh":1,"minecraft:nether_bricks":65,"minecraft:carrot":31,"minecraft:obsidian":11,"minecraft:milk_bucket":3,"born_in_chaos_v1:corpse_maggot":3,"quark:deepslate_furnace":5,"minecraft:copper_ore":35,"minecraft:furnace":1,"minecraft:cooked_cod":9,"immersive_aircraft:biplane":4,"biomesoplenty:flesh":1,"minecraft:diamond_boots":1,"minecraft:stone_pickaxe":32,"minecraft:blackstone":7,"minecraft:wooden_pickaxe":32,"minecraft:diamond_axe":85,"minecraft:golden_apple":22,"minecraft:glow_berries":8,"minecraft:black_concrete":1,"born_in_chaos_v1:monster_flesh":2,"minecraft:bread":18,"cataclysm:ignitium_helmet":1,"minecraft:gravel":1,"minecraft:golden_helmet":1,"minecraft:diamond_sword":459,"globalxp:xp_block":6,"cataclysm:ignitium_elytra_chestplate":1,"minecraft:experience_bottle":5883,"waystones:sandy_waystone":1,"minecraft:flint_and_steel":1,"securitycraft:keypad_chest":8,"minecraft:spruce_planks":3,"minecraft:cooked_chicken":10,"minecraft:netherrack":51,"regions_unexplored:maple_planks":27,"minecraft:torch":140,"minecraft:dirt":24,"minecraft:anvil":2,"minecraft:diamond_helmet":1,"minecraft:nether_brick_stairs":1,"minecraft:wooden_axe":12,"cataclysm:ignitium_leggings":1,"minecraft:iron_boots":1,"minecraft:totem_of_undying":1,"minecraft:diamond_chestplate":1,"minecraft:golden_carrot":21,"minecraft:goat_horn":3,"minecraft:cooked_beef":3,"minecraft:cobbled_deepslate":156,"minecraft:enchanted_golden_apple":3,"minecraft:cooked_mutton":1,"tombstone:scroll_of_mercy":1,"cataclysm:ignitium_boots":1,"minecraft:water_bucket":9,"tombstone:scroll_of_knowledge":1,"minecraft:baked_potato":7,"minecraft:leather_boots":1,"minecraft:mossy_cobblestone":2,"minecraft:red_bed":3,"minecraft:crafting_table":12,"regions_unexplored:magnolia_planks":2,"minecraft:diamond_pickaxe":3142,"minecraft:apple":15,"minecraft:diamond_shovel":79,"minecraft:iron_pickaxe":198,"minecraft:suspicious_stew":1,"tombstone:magic_scroll":6,"minecraft:golden_leggings":2,"irons_spellbooks:scroll_forge":1,"minecraft:cobblestone":163,"minecraft:potion":1,"travelersbackpack:standard":6,"minecraft:cooked_porkchop":5,"minecraft:bucket":5,"alexsmobs:animal_dictionary":1,"minecraft:diamond_leggings":1,"minecraft:splash_potion":1,"irons_spellbooks:inscription_table":2,"minecraft:chainmail_leggings":2},"minecraft:picked_up":{"minecraft:iron_chestplate":2,"waystones:warp_stone":1,"minecraft:wheat":43,"illagerinvasion:platinum_chunk":2,"minecraft:redstone_block":7,"minecraft:chainmail_boots":1,"minecraft:suspicious_stew":1,"minecraft:anvil":1,"regions_unexplored:magnolia_log":56,"minecraft:smithing_table":1,"aether:iron_gloves":1,"regions_unexplored:maple_planks":80,"dungeonsweaponry:cutlass":1,"minecraft:string":5,"minecraft:raw_copper":212,"aether:diamond_gloves":1,"shieldexp:wooden_shield":1,"minecraft:red_nether_bricks":2,"minecraft:armor_stand":1,"irons_spellbooks:arcane_essence":5,"minecraft:cobbled_deepslate":895,"minecraft:bucket":1,"minecraft:spruce_planks":3,"minecraft:warped_slab":1,"minecraft:written_book":1,"minecraft:iron_pickaxe":2,"minecraft:enchanted_golden_apple":3,"irons_spellbooks:inscription_table":1,"minecraft:furnace":1,"minecraft:tipped_arrow":3,"minecraft:stick":27,"minecraft:porkchop":1,"tombstone:grave_dust":8,"minecraft:diorite":2,"regions_unexplored:pink_magnolia_sapling":1,"minecraft:rotten_flesh":34,"minecraft:blaze_rod":11,"minecraft:obsidian":10,"regions_unexplored:magnolia_sapling":11,"minecraft:iron_bars":14,"minecraft:cobblestone":933,"minecraft:magma_block":5,"relics:roller_skates":1,"minecraft:leather_chestplate":1,"minecraft:feather":3,"minecraft:cooked_beef":3,"born_in_chaos_v1:spiritual_dust":2,"minecraft:andesite":22,"minecraft:jungle_log":1,"regions_unexplored:white_magnolia_shrub":1,"minecraft:potato":2,"alexsmobs:bear_fur":11,"minecraft:flint":18,"minecraft:tuff":20,"minecraft:lapis_lazuli":51,"minecraft:dirt":172,"minecraft:name_tag":1,"minecraft:leather_boots":3,"minecraft:stripped_bamboo_block":2,"irons_spellbooks:hogskin":3,"minecraft:bone":67,"minecraft:wheat_seeds":4,"minecraft:bow":1,"mca:rose_gold_ingot":1,"regions_unexplored:magnolia_planks":9,"minecraft:raw_gold":8,"minecraft:glowstone_dust":38,"minecraft:mossy_stone_brick_stairs":1,"minecraft:ghast_tear":1,"irons_spellbooks:frozen_bone":16,"minecraft:cooked_porkchop":25,"irons_spellbooks:legendary_ink":64,"minecraft:nether_brick_stairs":3,"minecraft:mossy_cobblestone":2,"minecraft:bundle":2,"minecraft:diamond":109,"minecraft:black_concrete":1,"minecraft:granite":26,"minecraft:golden_apple":133,"minecraft:emerald":6,"minecraft:bread":1,"minecraft:oak_sapling":4,"minecraft:netherrack":78,"minecraft:bricks":1,"cataclysm:ignitium_upgrade_smithing_template":64,"cataclysm:ignitium_chestplate":2,"minecraft:crafting_table":8,"minecraft:nether_wart":10,"born_in_chaos_v1:seedof_chaos":4,"biomesoplenty:flesh":18,"minecraft:gold_block":2,"minecraft:chain":5,"minecraft:red_bed":2,"immersive_aircraft:biplane":4,"regions_unexplored:orange_maple_sapling":3,"minecraft:blackstone":7,"minecraft:player_head":1,"minecraft_121_update:ominous_key":2,"minecraft:chest":1,"minecraft:sugar_cane":12,"globalxp:xp_block":6,"minecraft:diamond_hoe":1,"burnt:burnt_slab":1,"burnt:burnt_planks":5,"minecraft:raw_iron":97,"regions_unexplored:day_lily":1,"minecraft:stone":3,"minecraft:bowl":1,"quark:deepslate_furnace":1,"minecraft:carrot":1,"born_in_chaos_v1:pieceofdarkmetal":32,"minecraft:redstone":116,"irons_spellbooks:mana_ring":1,"minecraft:tnt":1,"minecraft:stone_shovel":2,"minecraft:arrow":18,"minecraft:nether_bricks":70,"minecraft:totem_of_undying":2,"minecraft:gold_ingot":3,"born_in_chaos_v1:corpse_maggot":12,"cataclysm:ignitium_ingot":64,"minecraft:leather":2,"waystones:sandy_waystone":1,"regions_unexplored:red_maple_sapling":1,"securitycraft:keypad_chest":2,"minecraft:gunpowder":6,"tombstone:voodoo_poppet":1,"tombstone:gift":2,"minecraft:cooked_mutton":1,"minecraft:apple":64,"regions_unexplored:magnolia_slab":3,"minecraft:iron_ingot":2,"minecraft:iron_sword":3,"minecraft:soul_sand":2,"minecraft:dark_oak_stairs":3,"minecraft:book":4,"cataclysm:ignitium_elytra_chestplate":3,"regions_unexplored:white_magnolia_sapling":12,"farmersdelight:steak_and_potatoes":1,"born_in_chaos_v1:ethereal_spirit":5,"minecraft:gravel":20,"minecraft:spruce_sapling":1,"irons_spellbooks:scroll_forge":1,"minecraft:crying_obsidian":1,"cataclysm:ignitium_helmet":1,"travelersbackpack:standard":1,"securitycraft:secret_spruce_sign_item":2,"minecraft:iron_helmet":3,"regions_unexplored:maple_log":20,"tombstone:magic_scroll":2,"minecraft:brown_banner":2,"minecraft:coal":195,"minecraft:wooden_axe":3,"minecraft:ender_pearl":3},"minecraft:custom":{"minecraft:interact_with_crafting_table":42,"minecraft:open_barrel":34,"minecraft:leave_game":9,"minecraft:time_since_death":227278,"minecraft:damage_resisted":355,"minecraft:sprint_one_cm":1030270,"minecraft:drop":162,"minecraft:talked_to_villager":1,"minecraft:play_time":414392,"minecraft:deaths":5,"minecraft:jump":4039,"minecraft:walk_on_water_one_cm":16855,"minecraft:interact_with_furnace":64,"minecraft:sleep_in_bed":7,"minecraft:waystone_activated":1,"minecraft:damage_dealt":43741,"minecraft:player_kills":1,"minecraft:crouch_one_cm":134136,"tombstone:undead_killed":131,"minecraft:interact_with_smithing_table":1,"minecraft:interact_with_anvil":4,"minecraft:mob_kills":255,"minecraft:damage_dealt_resisted":228,"minecraft:climb_one_cm":8021,"minecraft:walk_one_cm":869989,"minecraft:sneak_time":42794,"minecraft:walk_under_water_one_cm":11600,"minecraft:interact_with_lectern":4,"minecraft:total_world_time":414392,"minecraft:time_since_rest":125259,"minecraft:damage_taken":11789,"minecraft:damage_absorbed":809,"tombstone:cast_on_ally":0,"minecraft:swim_one_cm":30293,"minecraft:fly_one_cm":641197,"minecraft:open_chest":269,"minecraft:fall_one_cm":175012},"minecraft:killed":{"minecraft:zombified_piglin":9,"born_in_chaos_v1:restless_spirit":4,"born_in_chaos_v1:zombie_lumberjack":2,"minecraft:spider":8,"born_in_chaos_v1:baby_skeleton_minion":1,"minecraft:skeleton":20,"minecraft:fox":1,"realmrpg_demons:chort":2,"realmrpg_demons:demon":1,"born_in_chaos_v1:bonescaller":1,"minecraft:pig":3,"alexsmobs:grizzly_bear":1,"minecraft:zombie_villager":1,"irons_spellbooks:necromancer":1,"minecraft:creeper":2,"alexsmobs:crimson_mosquito":1,"born_in_chaos_v1:zombie_fisherman":1,"minecraft:pillager":5,"minecraft:zombie":18,"enemyexpansion:vampire":2,"born_in_chaos_v1:corpse_fly":10,"enemyexpansion:botfly":14,"minecraft:stray":7,"minecraft:ghast":2,"alexsmobs:fly":2,"minecraft:cow":1,"minecraft:blaze":26,"minecraft:evoker":2,"irons_spellbooks:summoned_zombie":4,"alexsmobs:raccoon":1,"enemyexpansion:direwolf":4,"minecraft:zoglin":3,"born_in_chaos_v1:zombie_bruiser":2,"born_in_chaos_v1:maggot":13,"born_in_chaos_v1:corpse_fish":1,"enemyexpansion:goblin":1,"born_in_chaos_v1:baby_skeleton":1,"enemyexpansion:sprinter":1,"minecraft:hoglin":8,"born_in_chaos_v1:decrepit_skeleton":4,"born_in_chaos_v1:decaying_zombie":1,"enemyexpansion:huntsman":1,"born_in_chaos_v1:nightmare_stalker":1,"minecraft:wither_skeleton":41,"enemyexpansion:slugger":10},"minecraft:killed_by":{"minecraft:player":2}},"DataVersion":3465}