{"stats":{"minecraft:killed_by":{"minecraft:player":2},"minecraft:killed":{"born_in_chaos_v1:restless_spirit":3,"minecraft:spider":7,"enemyexpansion:direwolf":1,"born_in_chaos_v1:maggot":3,"minecraft:skeleton":3,"minecraft:fox":1,"minecraft:creeper":2,"minecraft:zombie":5,"born_in_chaos_v1:corpse_fly":1,"minecraft:stray":2,"born_in_chaos_v1:nightmare_stalker":1,"minecraft:wither_skeleton":1},"minecraft:used":{"securitycraft:keypad_chest":8,"minecraft:chest":2,"minecraft:stone":9,"minecraft:iron_sword":85,"minecraft:rotten_flesh":1,"minecraft:torch":56,"minecraft:dirt":21,"minecraft:carrot":8,"minecraft:milk_bucket":3,"born_in_chaos_v1:corpse_maggot":2,"minecraft:wooden_axe":12,"quark:deepslate_furnace":1,"cataclysm:ignitium_leggings":1,"minecraft:copper_ore":35,"minecraft:diamond_chestplate":1,"minecraft:furnace":1,"minecraft:cooked_beef":3,"minecraft:cobbled_deepslate":18,"minecraft:enchanted_golden_apple":2,"cataclysm:ignitium_boots":1,"minecraft:cooked_mutton":1,"tombstone:scroll_of_mercy":1,"minecraft:water_bucket":8,"minecraft:stone_pickaxe":32,"minecraft:baked_potato":4,"minecraft:wooden_pickaxe":32,"minecraft:golden_apple":3,"minecraft:glow_berries":8,"minecraft:crafting_table":6,"minecraft:diamond_pickaxe":219,"minecraft:apple":8,"born_in_chaos_v1:monster_flesh":2,"minecraft:bread":2,"minecraft:suspicious_stew":1,"minecraft:iron_pickaxe":198,"cataclysm:ignitium_helmet":1,"minecraft:gravel":1,"minecraft:golden_leggings":2,"minecraft:golden_helmet":1,"minecraft:diamond_sword":35,"minecraft:cobblestone":1,"minecraft:potion":1,"travelersbackpack:standard":1,"minecraft:bucket":4,"alexsmobs:animal_dictionary":1,"minecraft:splash_potion":1,"cataclysm:ignitium_elytra_chestplate":1,"minecraft:chainmail_leggings":2},"minecraft:picked_up":{"minecraft:wooden_axe":3,"cataclysm:ignitium_upgrade_smithing_template":64,"cataclysm:ignitium_chestplate":2,"minecraft:crafting_table":3,"minecraft:iron_chestplate":2,"minecraft:redstone_block":1,"minecraft:chainmail_boots":1,"minecraft:suspicious_stew":1,"regions_unexplored:magnolia_log":20,"aether:iron_gloves":1,"minecraft:chain":1,"minecraft:string":5,"aether:diamond_gloves":1,"shieldexp:wooden_shield":1,"minecraft:red_nether_bricks":2,"minecraft:cobbled_deepslate":618,"minecraft:iron_pickaxe":2,"minecraft:enchanted_golden_apple":3,"minecraft:chest":1,"minecraft:diamond_hoe":1,"minecraft:tipped_arrow":1,"minecraft:stick":19,"minecraft:raw_iron":23,"minecraft:bowl":1,"tombstone:grave_dust":1,"minecraft:carrot":1,"minecraft:redstone":61,"regions_unexplored:pink_magnolia_sapling":1,"minecraft:tnt":1,"minecraft:rotten_flesh":12,"minecraft:arrow":2,"minecraft:stone_shovel":1,"minecraft:nether_bricks":4,"minecraft:gold_ingot":3,"regions_unexplored:magnolia_sapling":11,"minecraft:iron_bars":5,"minecraft:cobblestone":9,"born_in_chaos_v1:corpse_maggot":2,"minecraft:feather":3,"minecraft:cooked_beef":3,"cataclysm:ignitium_ingot":64,"regions_unexplored:white_magnolia_shrub":1,"minecraft:potato":2,"minecraft:tuff":20,"securitycraft:keypad_chest":2,"minecraft:gunpowder":3,"minecraft:dirt":34,"minecraft:cooked_mutton":1,"minecraft:leather_boots":2,"minecraft:stripped_bamboo_block":2,"minecraft:bone":6,"minecraft:apple":64,"minecraft:bow":1,"mca:rose_gold_ingot":1,"minecraft:wheat_seeds":3,"minecraft:iron_ingot":2,"minecraft:iron_sword":2,"minecraft:soul_sand":2,"minecraft:book":1,"cataclysm:ignitium_elytra_chestplate":3,"irons_spellbooks:frozen_bone":4,"farmersdelight:steak_and_potatoes":1,"regions_unexplored:white_magnolia_sapling":12,"irons_spellbooks:legendary_ink":64,"born_in_chaos_v1:ethereal_spirit":2,"minecraft:gravel":17,"cataclysm:ignitium_helmet":1,"travelersbackpack:standard":1,"securitycraft:secret_spruce_sign_item":2,"minecraft:diamond":22,"minecraft:iron_helmet":3,"minecraft:granite":26,"minecraft:golden_apple":129,"minecraft:bread":1,"minecraft:emerald":2,"minecraft:coal":7,"minecraft:netherrack":1,"minecraft:bricks":1,"minecraft:ender_pearl":3},"minecraft:crafted":{"minecraft:furnace":1,"quark:deepslate_furnace":1,"minecraft:stone_pickaxe":1,"regions_unexplored:magnolia_planks":60,"minecraft:diamond_sword":1,"minecraft:diamond_axe":1,"minecraft:crafting_table":3,"minecraft:wooden_pickaxe":1,"minecraft:baked_potato":2,"minecraft:air":0,"minecraft:diamond_pickaxe":2,"minecraft:stick":28,"minecraft:iron_ingot":11,"minecraft:iron_pickaxe":1,"minecraft:wooden_axe":1,"minecraft:torch":92,"minecraft:diamond_chestplate":1},"minecraft:mined":{"minecraft:tuff":5,"minecraft:deepslate_diamond_ore":18,"regions_unexplored:magnolia_log":15,"minecraft:nether_bricks":4,"minecraft:granite":13,"minecraft:grass_block":4,"minecraft:deepslate_bricks":2,"regions_unexplored:magnolia_leaves":1,"minecraft:spawner":11,"minecraft:cobbled_deepslate":3,"minecraft:deepslate_iron_ore":23,"minecraft:iron_bars":2,"minecraft:stone":8,"minecraft:spruce_slab":1,"minecraft:deepslate_redstone_ore":5,"regions_unexplored:white_magnolia_leaves":6,"minecraft:crafting_table":2,"minecraft:chest":1,"minecraft:cobblestone":1,"minecraft:tnt":1,"minecraft:gravel":6,"minecraft:cobweb":1,"minecraft:deepslate":375},"minecraft:dropped":{"minecraft:iron_sword":1,"minecraft:wheat_seeds":4,"irons_spellbooks:legendary_ink":64,"minecraft:diamond":1,"minecraft:iron_helmet":1,"minecraft:apple":64,"minecraft:granite":13,"minecraft:golden_apple":128,"minecraft:stick":8,"minecraft:dirt":18,"mca:book_romance":1,"minecraft:wooden_axe":3,"tombstone:grave_dust":1,"minecraft:iron_pickaxe":2,"minecraft:redstone":17,"minecraft:gravel":2,"cataclysm:ignitium_ingot":64,"immersivecaves:immersive_caves_guide":1,"alexsmobs:animal_dictionary":1,"minecraft:cobbled_deepslate":272,"minecraft:bowl":1,"minecraft:tuff":4,"born_in_chaos_v1:ethereal_spirit":2,"minecraft:rotten_flesh":2,"minecraft:enchanted_golden_apple":64,"cataclysm:ignitium_upgrade_smithing_template":64,"cataclysm:ignitium_elytra_chestplate":3,"cataclysm:ignitium_chestplate":2,"cataclysm:ignitium_helmet":1,"minecraft:iron_chestplate":1,"minecraft:diamond_pickaxe":1,"minecraft:leather_boots":2,"minecraft:red_nether_bricks":1,"minecraft:iron_bars":3,"securitycraft:secret_spruce_sign_item":2},"minecraft:custom":{"minecraft:mob_kills":30,"minecraft:interact_with_crafting_table":10,"minecraft:open_barrel":5,"minecraft:leave_game":5,"minecraft:time_since_death":51818,"minecraft:damage_resisted":143,"minecraft:sprint_one_cm":334542,"minecraft:walk_one_cm":297472,"minecraft:drop":58,"minecraft:play_time":129770,"minecraft:deaths":4,"minecraft:sneak_time":15217,"minecraft:walk_under_water_one_cm":5519,"minecraft:jump":975,"minecraft:walk_on_water_one_cm":5653,"minecraft:total_world_time":129770,"minecraft:interact_with_furnace":14,"minecraft:time_since_rest":51580,"minecraft:damage_taken":4241,"minecraft:damage_absorbed":164,"minecraft:damage_dealt":5339,"tombstone:cast_on_ally":0,"minecraft:swim_one_cm":12598,"minecraft:player_kills":1,"minecraft:fly_one_cm":133167,"minecraft:open_chest":81,"minecraft:crouch_one_cm":38840,"tombstone:undead_killed":11,"minecraft:fall_one_cm":7907}},"DataVersion":3465}