{"stats":{"minecraft:killed":{"born_in_chaos_v1:zombie_clown":1,"born_in_chaos_v1:restless_spirit":1,"alexsmobs:raccoon":1,"enemyexpansion:direwolf":1,"born_in_chaos_v1:maggot":2,"minecraft:skeleton":1,"minecraft:pig":1,"minecraft:creeper":2,"minecraft:pillager":1,"minecraft:zombie":7,"born_in_chaos_v1:corpse_fly":3,"enemyexpansion:huntsman":2,"born_in_chaos_v1:nightmare_stalker":1,"alexsmobs:fly":1,"enemyexpansion:wasp":2,"minecraft:cow":1,"enemyexpansion:slugger":1},"minecraft:picked_up":{"cataclysm:ignitium_upgrade_smithing_template":64,"minecraft:iron_chestplate":4,"minecraft:crafting_table":1,"illagerinvasion:platinum_chunk":2,"minecraft:suspicious_stew":2,"regions_unexplored:magnolia_log":87,"aether:iron_gloves":3,"cataclysm:ignitium_boots":1,"minecraft:moss_carpet":1,"shieldexp:wooden_shield":1,"born_in_chaos_v1:intoxicating_decoction":1,"bakery:linzer_tart":7,"regions_unexplored:bamboo_sapling":3,"minecraft:beef":1,"minecraft:calcite":2,"minecraft:spruce_slab":1,"alexsmobs:raccoon_tail":1,"born_in_chaos_v1:stimulating_decoction":1,"minecraft:chest":1,"globalxp:xp_block":1,"minecraft:diamond_hoe":1,"bakery:linzer_tart_slice":3,"minecraft:stick":17,"minecraft:copper_ingot":6,"minecraft:porkchop":3,"born_in_chaos_v1:nightmare_claw":2,"regions_unexplored:pink_magnolia_sapling":3,"regions_unexplored:purple_coneflower":3,"minecraft:arrow":3,"minecraft:rotten_flesh":15,"alexsmobs:straddleboard":1,"minecraft:gold_ingot":3,"regions_unexplored:magnolia_sapling":5,"minecraft:cobblestone":17,"cataclysm:ignitium_leggings":1,"quark:crab_leg":2,"born_in_chaos_v1:corpse_maggot":2,"minecraft:cooked_beef":1,"born_in_chaos_v1:monster_flesh":2,"cataclysm:ignitium_ingot":64,"minecraft:leather":2,"minecraft:potato":2,"minecraft:birch_planks":36,"securitycraft:keypad_chest":6,"minecraft:dirt":7,"tombstone:gift":1,"born_in_chaos_v1:monster_skin":4,"minecraft:cooked_mutton":4,"minecraft:stripped_bamboo_block":2,"irons_spellbooks:iron_spell_book":3,"minecraft:bone":3,"create:crushed_raw_iron":2,"minecraft:wheat_seeds":1,"minecraft:bow":1,"minecraft:kelp":3,"mca:rose_gold_ingot":1,"regions_unexplored:magnolia_planks":46,"minecraft:bamboo":2,"travelersbackpack:gold":1,"minecraft:iron_sword":1,"regions_unexplored:bamboo_log":23,"regions_unexplored:silver_birch_sapling":1,"cataclysm:ignitium_elytra_chestplate":1,"minecraft:dark_oak_slab":3,"regions_unexplored:white_magnolia_sapling":5,"farmersdelight:steak_and_potatoes":2,"born_in_chaos_v1:ethereal_spirit":6,"regions_unexplored:oak_shrub":1,"minecraft:spruce_log":2,"minecraft:grass_block":1,"cataclysm:ignitium_helmet":1,"travelersbackpack:standard":3,"securitycraft:secret_spruce_sign_item":2,"minecraft:iron_helmet":4,"minecraft:emerald":2,"alexsmobs:maggot":1,"minecraft:coal":3,"minecraft:hopper":3,"minecraft:ender_pearl":3},"minecraft:used":{"bakery:linzer_tart":9,"minecraft:netherite_sword":23,"securitycraft:keypad_chest":14,"blue_skies:gatekeeper_spawn_egg":1,"quark:crab_leg":1,"minecraft:iron_sword":32,"regions_unexplored:magnolia_sapling":5,"minecraft:hopper":20,"farmersdelight:steak_and_potatoes":1,"regions_unexplored:magnolia_log":1,"regions_unexplored:magnolia_branch":2,"securitycraft:secret_spruce_sign_item":9,"travelersbackpack:gold":1,"quark:spruce_chest":8,"minecraft:grass_block":9,"alexsmobs:spawn_egg_grizzly_bear":2,"regions_unexplored:white_magnolia_leaves":3,"minecraft:bamboo":2,"create:experience_block":26,"bakery:linzer_tart_slice":2,"tombstone:gift":4,"minecraft:cooked_beef":1,"minecraft:bamboo_planks":24,"minecraft:knowledge_book":2,"minecraft:cooked_mutton":2,"dungeonsweaponry:glaive":56,"minecraft:wooden_pickaxe":28,"simpleshops:simple_shop":3,"minecraft:crafting_table":3,"regions_unexplored:magnolia_planks":70,"minecraft:warped_planks":7,"enemyexpansion:silverhead_helmet":1,"minecraft_121_update:copperlock_unlock":5,"alexsmobs:straddleboard":1,"regions_unexplored:white_magnolia_sapling":5,"minecraft:bread":2,"waystones:mossy_waystone":1,"minecraft:suspicious_stew":1,"born_in_chaos_v1:nightmare_stalker_spawn_egg":3,"regions_unexplored:bamboo_log":7,"tombstone:grave_key":1,"simpleshops:creative_simple_shop":2,"minecraft:stone_axe":9,"globalxp:xp_block":1,"minecraft:cobblestone":9,"quark:oak_chest":8,"minecraft:splash_potion":8},"minecraft:crafted":{"create:experience_nugget":342,"travelersbackpack:gold":1,"regions_unexplored:magnolia_branch":2,"regions_unexplored:magnolia_planks":128,"minecraft:crafting_table":4,"minecraft:spruce_planks":8,"minecraft:wooden_pickaxe":1,"minecraft:iron_sword":1,"minecraft:bamboo_planks":32,"minecraft:stick":12,"dungeonsweaponry:glaive":1},"minecraft:mined":{"regions_unexplored:magnolia_log":73,"minecraft:grass_block":4,"regions_unexplored:purple_coneflower":2,"minecraft:spruce_leaves":2,"regions_unexplored:medium_grass":8,"minecraft:bamboo":22,"minecraft:stone":16,"minecraft:tall_grass":1,"minecraft:cobblestone":1,"regions_unexplored:bamboo_log":26,"minecraft:dark_oak_slab":3,"minecraft:spruce_log":2,"minecraft:grass":4,"regions_unexplored:oak_shrub":1,"minecraft:coal_ore":3,"minecraft:dirt":4,"minecraft:cobweb":2,"travelersbackpack:gold":1},"minecraft:dropped":{"minecraft:bread":1,"regions_unexplored:magnolia_planks":46,"minecraft:wheat_seeds":1,"minecraft:crafting_table":1,"minecraft:grass_block":1,"born_in_chaos_v1:monster_flesh":1,"regions_unexplored:white_magnolia_leaves":1,"farmersdelight:dog_food":2,"minecraft:bowl":2,"minecraft_121_update:copperlock_unlock":1,"regions_unexplored:white_magnolia_shrub":1,"globalxp:xp_block":62,"irons_spellbooks:iron_spell_book":7,"minecraft:raw_gold":1},"minecraft:custom":{"minecraft:mob_kills":31,"minecraft:inspect_hopper":3,"minecraft:interact_with_crafting_table":6,"minecraft:open_barrel":10,"minecraft:damage_dealt_resisted":5,"minecraft:leave_game":1,"minecraft:time_since_death":16618,"minecraft:climb_one_cm":371,"minecraft:damage_resisted":31,"minecraft:sprint_one_cm":275027,"minecraft:walk_one_cm":205838,"minecraft:drop":28,"minecraft:talked_to_villager":2,"minecraft:play_time":155376,"minecraft:deaths":13,"minecraft:sneak_time":2677,"minecraft:walk_under_water_one_cm":2505,"minecraft:jump":2650,"minecraft:walk_on_water_one_cm":599,"minecraft:total_world_time":155376,"minecraft:time_since_rest":15340,"minecraft:waystone_activated":1,"minecraft:damage_taken":4407,"minecraft:damage_dealt":5739,"minecraft:fly_one_cm":1041854,"minecraft:player_kills":1,"minecraft:open_chest":39,"minecraft:crouch_one_cm":4879,"tombstone:undead_killed":12,"minecraft:fall_one_cm":57769}},"DataVersion":3465}