{"stats":{"minecraft:broken":{"minecraft:stone_axe":3,"born_in_chaos_v1:wood_splitter_axe":1,"shieldexp:iron_shield":1,"aether:iron_gloves":1,"minecraft:iron_axe":1,"minecraft:iron_pickaxe":2,"minecraft:iron_helmet":1},"minecraft:mined":{"create:deepslate_zinc_ore":30,"minecraft:spruce_planks":1,"minecraft:farmland":2,"regions_unexplored:maple_planks":82,"regions_unexplored:maple_log":278,"minecraft:red_nether_bricks":2,"regions_unexplored:magnolia_log":73,"regions_unexplored:cattail":6,"minecraft:grass_block":10,"minecraft:deepslate_bricks":6,"revampedpiles:plains_tannery_leather":1,"minecraft:coal_block":5,"regions_unexplored:purple_coneflower":2,"minecraft:spawner":6,"minecraft:magma_block":1,"regions_unexplored:stone_bud":21,"regions_unexplored:magnolia_stairs":4,"burnt:smoldering_planks_start":1,"minecraft:iron_ore":18,"regions_unexplored:mossy_stone":8,"minecraft:moss_carpet":1,"regions_unexplored:maple_sapling":1,"minecraft:deepslate_lapis_ore":16,"regions_unexplored:maple_stairs":2,"minecraft:nether_brick_stairs":1,"create:asurine":1,"minecraft:iron_bars":5,"minecraft:iron_block":1,"minecraft:spruce_slab":1,"burnt:smoldering_planks_3":3,"minecraft:deepslate_redstone_ore":24,"minecraft:red_bed":3,"regions_unexplored:willow_log":68,"regions_unexplored:stripped_maple_log":43,"minecraft:cobblestone":1,"bakery:deepslate_stove":1,"minecraft:oak_planks":1,"minecraft:sugar_cane":3,"regions_unexplored:bamboo_log":26,"minecraft:wall_torch":4,"minecraft:dark_oak_slab":3,"regions_unexplored:willow_stairs":1,"minecraft:grass":56,"regions_unexplored:oak_shrub":1,"minecraft:dirt":7,"travelersbackpack:gold":4,"minecraft:netherrack":3,"minecraft:deepslate":532,"minecraft:crying_obsidian":4,"minecraft:tuff":100,"minecraft:deepslate_diamond_ore":28,"minecraft:nether_bricks":19,"born_in_chaos_v1:black_argillite_brick_wall":1,"regions_unexplored:maple_leaves":1,"minecraft:spruce_leaves":12,"minecraft:spruce_sapling":1,"minecraft:carrots":3,"minecraft:polished_deepslate":1,"minecraft:mossy_stone_brick_stairs":1,"minecraft:bookshelf":44,"minecraft:deepslate_iron_ore":3,"minecraft:vine":5,"regions_unexplored:medium_grass":64,"minecraft:bamboo":22,"minecraft:stone":37,"minecraft:cherry_planks":3,"minecraft:crafting_table":2,"regions_unexplored:maple_door":1,"minecraft:copper_ore":9,"minecraft:tall_grass":2,"minecraft:lapis_ore":1,"minecraft:spruce_stairs":19,"minecraft:coarse_dirt":3,"minecraft:spruce_log":55,"minecraft:coal_ore":104,"minecraft:cobweb":2,"minecraft:cracked_stone_bricks":2,"regions_unexplored:magnolia_planks":8,"regions_unexplored:larch_shrub":1},"minecraft:crafted":{"minecraft:oak_planks":8,"regions_unexplored:maple_planks":648,"minecraft:cooked_chicken":1,"regions_unexplored:maple_stairs":8,"quark:deepslate_furnace":5,"shieldexp:iron_shield":1,"minecraft:cooked_mutton":2,"minecraft:diamond_helmet":1,"minecraft:iron_boots":1,"immersive_aircraft:hull":2,"securitycraft:briefcase":1,"regions_unexplored:willow_planks":204,"regions_unexplored:maple_door":3,"regions_unexplored:magnolia_branch":2,"regions_unexplored:maple_fence":21,"minecraft:deepslate":2,"minecraft:cooked_porkchop":2,"bakery:deepslate_stove":1,"minecraft:diamond_axe":1,"minecraft:crafting_table":20,"minecraft:spruce_planks":48,"minecraft:wooden_pickaxe":1,"create:zinc_nugget":382,"regions_unexplored:magnolia_stairs":20,"minecraft:campfire":2,"immersive_aircraft:propeller":1,"bakery:crafting_bowl":1,"dungeonsweaponry:dagger":3,"minecraft:bamboo_planks":32,"farmersdelight:golden_knife":1,"minecraft:diamond_pickaxe":1,"minecraft:charcoal":13,"minecraft:shield":1,"minecraft:stick":64,"dungeonsweaponry:glaive":1,"minecraft:iron_ingot":38,"minecraft:iron_pickaxe":3,"irons_spellbooks:mana_ring":1,"regions_unexplored:maple_slab":6,"minecraft:deepslate_bricks":232,"irons_spellbooks:arcane_ingot":1,"minecraft:cherry_planks":4,"minecraft:bone_meal":57,"create:experience_nugget":342,"irons_spellbooks:scroll_forge":1,"minecraft:spruce_stairs":52,"minecraft:polished_deepslate":236,"minecraft:iron_axe":2,"born_in_chaos_v1:fried_maggot":2,"travelersbackpack:gold":1,"minecraft:iron_hoe":1,"shieldexp:diamond_shield":1,"quark:spruce_chest":8,"regions_unexplored:magnolia_planks":232,"regions_unexplored:maple_fence_gate":1,"minecraft:enchanting_table":1,"minecraft:deepslate_brick_slab":6,"minecraft:iron_sword":1,"regions_unexplored:willow_stairs":8,"minecraft:bucket":2,"minecraft:stone_axe":2,"minecraft:bread":9,"minecraft:air":0,"minecraft:golden_apple":1,"regions_unexplored:willow_door":3,"minecraft:torch":148,"create:zinc_ingot":84,"minecraft:diamond_chestplate":1},"minecraft:dropped":{"minecraft:diamond_axe":1,"minecraft:cooked_beef":3,"minecraft:oak_log":2,"minecraft:glow_ink_sac":2,"minecraft:crafting_table":1,"minecraft:dark_oak_slab":3,"minecraft:orange_tulip":1,"minecraft:cracked_stone_bricks":1,"born_in_chaos_v1:pieceofdarkmetal":1,"born_in_chaos_v1:zombie_lumberjack_spawn_egg":2,"travelersbackpack:standard":1,"regions_unexplored:maple_planks":8,"born_in_chaos_v1:monster_flesh":2,"minecraft:dirt":29,"regions_unexplored:willow_planks":66,"minecraft:phantom_membrane":4,"minecraft:bone":4,"minecraft:sugar_cane":3,"minecraft:cobbled_deepslate":103,"minecraft:wheat":4,"minecraft:rotten_flesh":29,"regions_unexplored:maple_sapling":9,"regions_unexplored:maple_slab":1,"waystones:sandy_waystone":1,"minecraft:cooked_mutton":64,"waystones:warp_stone":2,"securitycraft:codebreaker":1,"minecraft:rabbit_hide":4,"born_in_chaos_v1:seedof_chaos":4,"minecraft:gunpowder":14,"born_in_chaos_v1:corpse_maggot":2,"regions_unexplored:willow_stairs":4,"globalxp:xp_block":62,"minecraft:iron_bars":2,"minecraft:campfire":1,"minecraft:crying_obsidian":2,"minecraft:splash_potion":1,"minecraft:netherrack":1,"aether:invisibility_cloak":1,"minecraft:bread":1,"minecraft:iron_ingot":2,"born_in_chaos_v1:intoxicating_decoction":1,"regions_unexplored:magnolia_planks":69,"born_in_chaos_v1:shattered_skull":3,"minecraft:wheat_seeds":25,"minecraft:mossy_cobblestone":4,"tombstone:tablet_of_home":1,"minecraft:book":9,"create:zinc_nugget":18,"minecraft:spruce_stairs":5,"minecraft:grass_block":1,"minecraft:golden_apple":1,"minecraft:stick":82,"illagerinvasion:platinum_chunk":6,"minecraft:torch":85,"tombstone:grave_key":2,"minecraft:cherry_planks":3,"tombstone:grave_dust":11,"shieldexp:wooden_shield":4,"minecraft:iron_leggings":1,"minecraft:string":2,"irons_spellbooks:frozen_bone":1,"minecraft:bucket":1,"regions_unexplored:white_magnolia_leaves":1,"minecraft:spruce_sapling":21,"minecraft:moss_carpet":1,"farmersdelight:dog_food":2,"minecraft:bowl":2,"minecraft:tuff":80,"minecraft:deepslate_bricks":1,"minecraft:shield":1,"regions_unexplored:magnolia_stairs":4,"mca:rose_gold_ingot":1,"minecraft:spruce_planks":1,"create:zinc_ingot":22,"minecraft_121_update:copperlock_unlock":1,"irons_spellbooks:mana_ring":1,"regions_unexplored:white_magnolia_shrub":1,"securitycraft:briefcase":2,"minecraft:spruce_log":3,"irons_spellbooks:iron_spell_book":7,"securitycraft:universal_key_changer":5,"minecraft:raw_gold":1},"minecraft:picked_up":{"minecraft:iron_chestplate":6,"waystones:warp_stone":1,"minecraft:wheat":22,"illagerinvasion:platinum_chunk":8,"minecraft:suspicious_stew":3,"regions_unexplored:magnolia_log":87,"tombstone:tablet_of_home":2,"aether:iron_gloves":4,"enemyexpansion:wasp_thorax":1,"regions_unexplored:maple_planks":91,"tombstone:grave_key":2,"securitycraft:universal_key_changer":4,"cataclysm:ignitium_boots":1,"minecraft:polished_deepslate":1,"minecraft:string":8,"minecraft:raw_copper":49,"shieldexp:wooden_shield":6,"minecraft:iron_leggings":1,"bakery:linzer_tart":7,"minecraft:experience_bottle":2,"regions_unexplored:bamboo_sapling":3,"minecraft:cobbled_deepslate":558,"minecraft:spruce_planks":2,"minecraft:calcite":2,"alexsmobs:raccoon_tail":1,"born_in_chaos_v1:stimulating_decoction":1,"minecraft:coal_block":5,"minecraft:mangrove_log":1,"minecraft:iron_boots":2,"dungeonsweaponry:dagger":1,"minecraft:tipped_arrow":2,"minecraft:stick":322,"born_in_chaos_v1:shattered_skull":2,"minecraft:torch":140,"minecraft:spruce_stairs":22,"minecraft:porkchop":5,"minecraft:cherry_log":2,"tombstone:grave_dust":13,"born_in_chaos_v1:nightmare_claw":2,"regions_unexplored:pink_magnolia_sapling":3,"regions_unexplored:magnolia_stairs":4,"minecraft:rotten_flesh":57,"minecraft:iron_block":2,"bakery:deepslate_stove":1,"regions_unexplored:magnolia_sapling":5,"minecraft:iron_bars":5,"minecraft:cod":1,"minecraft:cobblestone":73,"minecraft:feather":2,"minecraft:cooked_beef":1,"minecraft:cherry_planks":3,"minecraft:potato":2,"minecraft:tuff":80,"create:raw_zinc":38,"minecraft:lapis_lazuli":176,"irons_spellbooks:concentration_amulet":1,"minecraft:dirt":16,"born_in_chaos_v1:monster_skin":8,"minecraft:stripped_bamboo_block":4,"irons_spellbooks:iron_spell_book":5,"minecraft:bone":33,"minecraft:wheat_seeds":61,"minecraft:bow":3,"minecraft:orange_tulip":1,"mca:rose_gold_ingot":4,"regions_unexplored:magnolia_planks":76,"regions_unexplored:maple_stairs":2,"minecraft:diamond_helmet":1,"minecraft:bamboo":2,"travelersbackpack:gold":4,"minecraft:oak_planks":1,"regions_unexplored:bamboo_log":23,"irons_spellbooks:frozen_bone":13,"minecraft:nether_brick_stairs":1,"minecraft:grass_block":1,"minecraft:mossy_cobblestone":4,"regions_unexplored:cattail":3,"minecraft:diamond":56,"minecraft:golden_apple":1,"regions_unexplored:willow_log":68,"minecraft:emerald":14,"minecraft:bread":1,"alexsmobs:maggot":3,"minecraft:netherrack":4,"cataclysm:ignitium_upgrade_smithing_template":64,"minecraft:coarse_dirt":2,"minecraft:crafting_table":3,"minecraft:splash_potion":1,"minecraft:chicken":1,"born_in_chaos_v1:seedof_chaos":5,"minecraft:golden_pickaxe":1,"minecraft:shield":1,"minecraft:red_bed":3,"minecraft:moss_carpet":2,"born_in_chaos_v1:intoxicating_decoction":1,"regions_unexplored:willow_stairs":5,"minecraft:cracked_stone_bricks":1,"minecraft:beef":1,"minecraft:spruce_slab":1,"minecraft:sugar_cane":7,"minecraft:chest":1,"globalxp:xp_block":2,"minecraft:phantom_membrane":2,"minecraft:diamond_hoe":2,"minecraft:egg":1,"bakery:linzer_tart_slice":3,"minecraft:raw_iron":48,"minecraft:copper_ingot":6,"born_in_chaos_v1:pieceofdarkmetal":5,"minecraft:carrot":6,"minecraft:redstone":87,"securitycraft:briefcase":2,"create:zinc_ingot":47,"regions_unexplored:purple_coneflower":3,"minecraft:arrow":13,"regions_unexplored:maple_sapling":89,"born_in_chaos_v1:wood_splitter_axe":1,"minecraft:nether_bricks":14,"alexsmobs:straddleboard":1,"minecraft:deepslate_bricks":91,"minecraft:gold_ingot":6,"regions_unexplored:willow_planks":123,"minecraft:mutton":2,"cataclysm:ignitium_leggings":1,"born_in_chaos_v1:fused_bone":4,"quark:crab_leg":2,"born_in_chaos_v1:corpse_maggot":15,"born_in_chaos_v1:monster_flesh":3,"minecraft:glow_ink_sac":2,"cataclysm:ignitium_ingot":64,"minecraft:leather":18,"minecraft:birch_planks":36,"waystones:sandy_waystone":1,"minecraft:oak_log":4,"regions_unexplored:red_maple_sapling":3,"securitycraft:keypad_chest":8,"minecraft:gunpowder":15,"mca:book_romance":1,"tombstone:gift":4,"minecraft:cooked_mutton":70,"regions_unexplored:maple_door":1,"create:crushed_raw_iron":2,"minecraft:apple":8,"minecraft:kelp":3,"minecraft:rabbit_hide":4,"minecraft:iron_ingot":2,"minecraft:iron_sword":3,"regions_unexplored:silver_birch_sapling":1,"minecraft:book":161,"cataclysm:ignitium_elytra_chestplate":1,"minecraft:dark_oak_slab":6,"regions_unexplored:white_magnolia_sapling":5,"farmersdelight:steak_and_potatoes":2,"regions_unexplored:willow_sapling":23,"born_in_chaos_v1:ethereal_spirit":6,"regions_unexplored:oak_shrub":1,"minecraft:gravel":4,"minecraft:spruce_sapling":52,"minecraft:spruce_log":57,"minecraft:crying_obsidian":6,"minecraft:spider_eye":2,"regions_unexplored:maple_slab":1,"cataclysm:ignitium_helmet":1,"travelersbackpack:standard":4,"minecraft:diamond_shovel":2,"securitycraft:secret_spruce_sign_item":2,"minecraft:campfire":1,"create:zinc_nugget":50,"minecraft:iron_helmet":5,"minecraft:diamond_axe":1,"regions_unexplored:maple_log":248,"dungeonsweaponry:glaive":1,"tombstone:magic_scroll":2,"regions_unexplored:stripped_maple_log":23,"minecraft:coal":228,"minecraft:hopper":3,"minecraft:ender_pearl":10},"minecraft:used":{"bakery:linzer_tart":9,"regions_unexplored:maple_door":4,"minecraft:polished_deepslate":2,"minecraft:chest":1,"minecraft:iron_sword":83,"minecraft:iron_chestplate":1,"minecraft:nether_bricks":14,"minecraft:carrot":16,"farmersdelight:steak_and_potatoes":1,"minecraft:deepslate_brick_slab":6,"regions_unexplored:willow_planks":25,"minecraft:milk_bucket":1,"regions_unexplored:magnolia_branch":2,"born_in_chaos_v1:corpse_maggot":5,"securitycraft:secret_spruce_sign_item":9,"born_in_chaos_v1:smoked_flesh":3,"minecraft:lava_bucket":1,"regions_unexplored:willow_stairs":9,"quark:deepslate_furnace":5,"minecraft:grass_block":9,"regions_unexplored:maple_sapling":46,"minecraft:dark_oak_slab":3,"regions_unexplored:willow_sapling":1,"create:experience_block":26,"securitycraft:universal_key_changer":1,"bakery:crafting_bowl":1,"minecraft:oak_planks":9,"dungeonsweaponry:glaive":83,"minecraft:wooden_pickaxe":28,"minecraft:diamond_axe":110,"minecraft:sugar_cane":4,"minecraft:golden_apple":3,"simpleshops:simple_shop":3,"minecraft:black_bed":1,"shieldexp:iron_shield":3,"alexsmobs:straddleboard":1,"quark:azalea_chest":2,"minecraft:bread":12,"minecraft:string":2,"regions_unexplored:bamboo_log":7,"born_in_chaos_v1:nightmare_stalker_spawn_egg":3,"tombstone:grave_key":13,"regions_unexplored:maple_stairs":10,"minecraft:coal_block":1,"globalxp:xp_block":1,"regions_unexplored:red_maple_sapling":2,"securitycraft:briefcase":13,"minecraft:coarse_dirt":2,"minecraft:bone_meal":57,"minecraft:golden_pickaxe":282,"minecraft:experience_bottle":2,"minecraft:netherite_sword":23,"minecraft:iron_bars":3,"waystones:sandy_waystone":3,"minecraft:enchanting_table":1,"securitycraft:keypad_chest":17,"blue_skies:gatekeeper_spawn_egg":1,"minecraft:spruce_planks":7,"quark:crab_leg":1,"born_in_chaos_v1:fried_maggot":2,"minecraft:cooked_chicken":1,"quark:spruce_bookshelf":13,"regions_unexplored:stripped_maple_log":2,"regions_unexplored:maple_planks":592,"minecraft:torch":58,"minecraft:dirt":1,"regions_unexplored:magnolia_sapling":5,"minecraft:hopper":20,"alexsmobs:cooked_kangaroo_meat":6,"minecraft:spruce_stairs":69,"regions_unexplored:magnolia_log":1,"minecraft:iron_hoe":63,"alexsmobs:maggot":2,"regions_unexplored:maple_fence_gate":1,"regions_unexplored:maple_fence":21,"travelersbackpack:gold":20,"quark:spruce_chest":16,"minecraft:iron_axe":100,"alexsmobs:spawn_egg_grizzly_bear":2,"minecraft:chicken_spawn_egg":2,"irons_spellbooks:arcane_debris":2,"minecraft:iron_boots":3,"dungeonsweaponry:dagger":111,"regions_unexplored:white_magnolia_leaves":3,"minecraft:bamboo":2,"minecraft:diamond_chestplate":1,"bakery:linzer_tart_slice":2,"tombstone:gift":12,"minecraft:cooked_beef":1,"minecraft:cobbled_deepslate":11,"minecraft:bamboo_planks":24,"minecraft:knowledge_book":7,"minecraft:wheat_seeds":26,"minecraft:cooked_mutton":6,"minecraft:water_bucket":11,"tombstone:scroll_of_knowledge":2,"regions_unexplored:maple_slab":1,"minecraft:cherry_planks":4,"bakery:deepslate_stove":2,"minecraft:deepslate_bricks":215,"regions_unexplored:willow_door":3,"minecraft:crafting_table":21,"minecraft:red_bed":5,"minecraft:campfire":5,"minecraft:cod":1,"regions_unexplored:magnolia_planks":154,"tombstone:tablet_of_home":1,"minecraft:warped_planks":7,"enemyexpansion:silverhead_helmet":1,"minecraft_121_update:copperlock_unlock":5,"minecraft:diamond_pickaxe":58,"minecraft:apple":5,"minecraft:diamond_shovel":1,"regions_unexplored:white_magnolia_sapling":5,"waystones:mossy_waystone":1,"minecraft:iron_pickaxe":631,"minecraft:suspicious_stew":1,"simpleshops:creative_simple_shop":2,"minecraft:spruce_sapling":3,"minecraft:stone_axe":137,"irons_spellbooks:scroll_forge":1,"minecraft:cobblestone":9,"travelersbackpack:standard":2,"regions_unexplored:magnolia_stairs":20,"minecraft:cooked_porkchop":2,"minecraft:bucket":7,"born_in_chaos_v1:wood_splitter_axe":124,"quark:oak_chest":8,"regions_unexplored:maple_log":50,"minecraft:splash_potion":9},"minecraft:custom":{"minecraft:animals_bred":1,"minecraft:interact_with_crafting_table":99,"minecraft:open_barrel":23,"minecraft:leave_game":9,"minecraft:time_since_death":3045,"minecraft:damage_resisted":31,"minecraft:sprint_one_cm":867128,"minecraft:drop":176,"minecraft:talked_to_villager":2,"minecraft:play_time":452366,"minecraft:deaths":32,"minecraft:jump":6459,"minecraft:interact_with_brewingstand":2,"minecraft:walk_on_water_one_cm":2503,"minecraft:enchant_item":1,"minecraft:interact_with_furnace":58,"minecraft:sleep_in_bed":8,"minecraft:waystone_activated":4,"minecraft:damage_dealt":30387,"minecraft:player_kills":1,"minecraft:crouch_one_cm":38631,"tombstone:undead_killed":82,"minecraft:mob_kills":162,"minecraft:inspect_hopper":3,"minecraft:damage_dealt_resisted":1139,"minecraft:climb_one_cm":4995,"minecraft:walk_one_cm":1068257,"minecraft:sneak_time":15020,"minecraft:walk_under_water_one_cm":6532,"minecraft:total_world_time":452366,"minecraft:time_since_rest":2734,"minecraft:damage_absorbed":121,"minecraft:damage_taken":13505,"minecraft:swim_one_cm":2723,"minecraft:fly_one_cm":1979608,"minecraft:open_chest":195,"minecraft:fall_one_cm":161817},"minecraft:killed":{"born_in_chaos_v1:zombie_clown":1,"born_in_chaos_v1:restless_spirit":1,"born_in_chaos_v1:zombie_lumberjack":3,"minecraft:spider":7,"enemyexpansion:equestrian":1,"born_in_chaos_v1:siamese_skeletonsright":1,"born_in_chaos_v1:baby_skeleton_minion":4,"minecraft:skeleton":13,"minecraft:bee":1,"minecraft:chicken":1,"realmrpg_demons:chort":1,"minecraft:silverfish":3,"born_in_chaos_v1:bonescaller":1,"minecraft:pig":2,"alexsmobs:grizzly_bear":1,"irons_spellbooks:necromancer":1,"minecraft:creeper":8,"minecraft:sheep":1,"minecraft:pillager":1,"minecraft:zombie":20,"enemyexpansion:vampire":1,"born_in_chaos_v1:corpse_fly":10,"enemyexpansion:botfly":1,"minecraft:stray":4,"alexsmobs:fly":2,"born_in_chaos_v1:door_knight":1,"born_in_chaos_v1:siamese_skeletonsleft":1,"enemyexpansion:wasp":8,"minecraft:cow":2,"enemyexpansion:intruder":1,"alexsmobs:raccoon":1,"enemyexpansion:direwolf":2,"born_in_chaos_v1:maggot":15,"enemyexpansion:silverqueen":1,"enemyexpansion:goblin":3,"born_in_chaos_v1:barrel_zombie":1,"born_in_chaos_v1:bone_imp_minion":11,"born_in_chaos_v1:baby_skeleton":1,"born_in_chaos_v1:swarmer":1,"enemyexpansion:sprinter":4,"minecraft:hoglin":1,"born_in_chaos_v1:decrepit_skeleton":4,"born_in_chaos_v1:bonescaller_not_despawn":1,"enemyexpansion:huntsman":2,"born_in_chaos_v1:nightmare_stalker":1,"minecraft:wither_skeleton":2,"enemyexpansion:slugger":3},"minecraft:killed_by":{"minecraft:zombie":1,"born_in_chaos_v1:supreme_bonescaller_stage_2":3,"minecraft:player":1}},"DataVersion":3465}