{"stats":{"minecraft:killed":{"born_in_chaos_v1:zombie_clown":1,"born_in_chaos_v1:restless_spirit":1,"born_in_chaos_v1:zombie_lumberjack":2,"alexsmobs:raccoon":1,"minecraft:spider":3,"enemyexpansion:direwolf":2,"born_in_chaos_v1:maggot":4,"minecraft:skeleton":3,"minecraft:bee":1,"realmrpg_demons:chort":1,"minecraft:pig":1,"minecraft:creeper":2,"born_in_chaos_v1:decrepit_skeleton":1,"minecraft:pillager":1,"minecraft:zombie":9,"born_in_chaos_v1:corpse_fly":6,"enemyexpansion:botfly":1,"enemyexpansion:huntsman":2,"minecraft:stray":2,"born_in_chaos_v1:nightmare_stalker":1,"alexsmobs:fly":1,"born_in_chaos_v1:door_knight":1,"enemyexpansion:wasp":2,"minecraft:cow":1,"enemyexpansion:slugger":1},"minecraft:picked_up":{"cataclysm:ignitium_upgrade_smithing_template":64,"minecraft:crafting_table":1,"minecraft:iron_chestplate":4,"illagerinvasion:platinum_chunk":8,"minecraft:splash_potion":1,"minecraft:suspicious_stew":2,"regions_unexplored:magnolia_log":87,"aether:iron_gloves":3,"regions_unexplored:maple_planks":32,"minecraft:shield":1,"tombstone:grave_key":1,"cataclysm:ignitium_boots":1,"minecraft:string":2,"minecraft:moss_carpet":1,"shieldexp:wooden_shield":1,"born_in_chaos_v1:intoxicating_decoction":1,"bakery:linzer_tart":7,"regions_unexplored:bamboo_sapling":3,"minecraft:spruce_planks":2,"minecraft:beef":1,"minecraft:calcite":2,"minecraft:spruce_slab":1,"alexsmobs:raccoon_tail":1,"born_in_chaos_v1:stimulating_decoction":1,"minecraft:chest":1,"globalxp:xp_block":1,"minecraft:diamond_hoe":1,"bakery:linzer_tart_slice":3,"minecraft:stick":92,"minecraft:copper_ingot":6,"minecraft:spruce_stairs":12,"minecraft:porkchop":3,"minecraft:cherry_log":2,"born_in_chaos_v1:nightmare_claw":2,"born_in_chaos_v1:pieceofdarkmetal":3,"regions_unexplored:pink_magnolia_sapling":3,"regions_unexplored:purple_coneflower":3,"minecraft:arrow":6,"minecraft:rotten_flesh":23,"regions_unexplored:maple_sapling":26,"born_in_chaos_v1:wood_splitter_axe":1,"alexsmobs:straddleboard":1,"minecraft:gold_ingot":3,"regions_unexplored:magnolia_sapling":5,"cataclysm:ignitium_leggings":1,"minecraft:cobblestone":17,"quark:crab_leg":2,"born_in_chaos_v1:corpse_maggot":8,"minecraft:cooked_beef":1,"born_in_chaos_v1:monster_flesh":3,"cataclysm:ignitium_ingot":64,"minecraft:leather":2,"minecraft:potato":2,"minecraft:birch_planks":36,"minecraft:oak_log":4,"securitycraft:keypad_chest":6,"mca:book_romance":1,"minecraft:dirt":7,"tombstone:gift":1,"born_in_chaos_v1:monster_skin":5,"minecraft:cooked_mutton":4,"minecraft:stripped_bamboo_block":2,"minecraft:bone":5,"irons_spellbooks:iron_spell_book":3,"regions_unexplored:maple_door":1,"create:crushed_raw_iron":2,"minecraft:apple":2,"minecraft:wheat_seeds":3,"minecraft:kelp":3,"minecraft:bow":3,"mca:rose_gold_ingot":1,"regions_unexplored:magnolia_planks":49,"minecraft:rabbit_hide":4,"minecraft:iron_ingot":1,"regions_unexplored:maple_stairs":2,"minecraft:bamboo":2,"travelersbackpack:gold":1,"minecraft:iron_sword":1,"minecraft:oak_planks":1,"regions_unexplored:bamboo_log":23,"regions_unexplored:silver_birch_sapling":1,"cataclysm:ignitium_elytra_chestplate":1,"irons_spellbooks:frozen_bone":4,"minecraft:dark_oak_slab":6,"regions_unexplored:white_magnolia_sapling":5,"farmersdelight:steak_and_potatoes":2,"born_in_chaos_v1:ethereal_spirit":6,"regions_unexplored:oak_shrub":1,"minecraft:spruce_sapling":4,"minecraft:grass_block":1,"minecraft:spruce_log":18,"minecraft:spider_eye":2,"minecraft:mossy_cobblestone":1,"cataclysm:ignitium_helmet":1,"travelersbackpack:standard":3,"securitycraft:secret_spruce_sign_item":2,"minecraft:iron_helmet":4,"minecraft:golden_apple":1,"regions_unexplored:maple_log":117,"minecraft:emerald":2,"alexsmobs:maggot":1,"minecraft:coal":4,"minecraft:hopper":3,"minecraft:ender_pearl":3},"minecraft:used":{"bakery:linzer_tart":9,"minecraft:netherite_sword":23,"regions_unexplored:maple_door":4,"securitycraft:keypad_chest":15,"blue_skies:gatekeeper_spawn_egg":1,"minecraft:spruce_planks":2,"quark:crab_leg":1,"minecraft:iron_sword":62,"regions_unexplored:maple_planks":323,"regions_unexplored:magnolia_sapling":5,"minecraft:hopper":20,"minecraft:spruce_stairs":63,"farmersdelight:steak_and_potatoes":1,"regions_unexplored:magnolia_log":1,"regions_unexplored:magnolia_branch":2,"minecraft:milk_bucket":1,"born_in_chaos_v1:corpse_maggot":1,"securitycraft:secret_spruce_sign_item":9,"quark:spruce_chest":8,"travelersbackpack:gold":1,"minecraft:grass_block":9,"alexsmobs:spawn_egg_grizzly_bear":2,"minecraft:dark_oak_slab":3,"minecraft:iron_boots":1,"dungeonsweaponry:dagger":8,"regions_unexplored:white_magnolia_leaves":3,"minecraft:bamboo":2,"create:experience_block":26,"bakery:linzer_tart_slice":2,"tombstone:gift":4,"minecraft:cooked_beef":1,"minecraft:bamboo_planks":24,"minecraft:knowledge_book":7,"minecraft:cooked_mutton":2,"dungeonsweaponry:glaive":68,"minecraft:oak_planks":9,"minecraft:wooden_pickaxe":28,"minecraft:cherry_planks":4,"minecraft:golden_apple":1,"simpleshops:simple_shop":3,"minecraft:crafting_table":5,"minecraft:red_bed":1,"regions_unexplored:magnolia_planks":103,"minecraft:warped_planks":7,"enemyexpansion:silverhead_helmet":1,"minecraft_121_update:copperlock_unlock":5,"alexsmobs:straddleboard":1,"regions_unexplored:white_magnolia_sapling":5,"minecraft:bread":7,"waystones:mossy_waystone":1,"minecraft:suspicious_stew":1,"born_in_chaos_v1:nightmare_stalker_spawn_egg":3,"regions_unexplored:bamboo_log":7,"tombstone:grave_key":5,"simpleshops:creative_simple_shop":2,"minecraft:stone_axe":13,"regions_unexplored:maple_stairs":10,"globalxp:xp_block":1,"minecraft:cobblestone":9,"born_in_chaos_v1:wood_splitter_axe":74,"quark:oak_chest":8,"regions_unexplored:maple_log":41,"securitycraft:briefcase":3,"minecraft:golden_pickaxe":6,"minecraft:splash_potion":9},"minecraft:crafted":{"minecraft:cherry_planks":4,"minecraft:oak_planks":8,"regions_unexplored:maple_planks":360,"regions_unexplored:maple_stairs":8,"create:experience_nugget":342,"minecraft:spruce_stairs":52,"minecraft:iron_boots":1,"travelersbackpack:gold":1,"securitycraft:briefcase":1,"regions_unexplored:maple_door":3,"regions_unexplored:magnolia_branch":2,"regions_unexplored:magnolia_planks":128,"minecraft:crafting_table":6,"minecraft:spruce_planks":48,"minecraft:wooden_pickaxe":1,"minecraft:iron_sword":1,"minecraft:bread":3,"dungeonsweaponry:dagger":3,"minecraft:bamboo_planks":32,"farmersdelight:golden_knife":1,"minecraft:shield":1,"minecraft:stick":12,"dungeonsweaponry:glaive":1,"irons_spellbooks:arcane_ingot":1},"minecraft:broken":{"minecraft:stone_axe":1},"minecraft:mined":{"minecraft:spruce_planks":1,"regions_unexplored:maple_planks":32,"regions_unexplored:maple_log":162,"regions_unexplored:magnolia_log":73,"minecraft:grass_block":4,"regions_unexplored:purple_coneflower":2,"minecraft:spruce_leaves":11,"minecraft:spawner":3,"regions_unexplored:mossy_stone":1,"regions_unexplored:maple_stairs":2,"minecraft:vine":1,"regions_unexplored:medium_grass":12,"minecraft:bamboo":22,"minecraft:stone":16,"regions_unexplored:maple_door":1,"minecraft:tall_grass":1,"minecraft:cobblestone":1,"minecraft:oak_planks":1,"regions_unexplored:bamboo_log":26,"minecraft:spruce_stairs":12,"minecraft:dark_oak_slab":3,"minecraft:spruce_log":15,"minecraft:grass":6,"regions_unexplored:oak_shrub":1,"minecraft:coal_ore":4,"minecraft:dirt":4,"minecraft:cobweb":2,"travelersbackpack:gold":1,"regions_unexplored:magnolia_planks":2},"minecraft:dropped":{"minecraft:bread":1,"regions_unexplored:magnolia_planks":47,"minecraft:wheat_seeds":2,"minecraft:cooked_beef":3,"minecraft:oak_log":2,"minecraft:mossy_cobblestone":1,"minecraft:crafting_table":1,"minecraft:dark_oak_slab":3,"born_in_chaos_v1:zombie_lumberjack_spawn_egg":2,"born_in_chaos_v1:pieceofdarkmetal":1,"minecraft:spruce_stairs":1,"minecraft:grass_block":1,"minecraft:golden_apple":1,"born_in_chaos_v1:monster_flesh":2,"minecraft:dirt":26,"illagerinvasion:platinum_chunk":6,"irons_spellbooks:frozen_bone":1,"minecraft:bucket":1,"regions_unexplored:white_magnolia_leaves":1,"farmersdelight:dog_food":2,"minecraft:bowl":2,"minecraft:wheat":1,"minecraft:rotten_flesh":9,"minecraft:rabbit_hide":4,"minecraft:shield":1,"minecraft:spruce_planks":1,"born_in_chaos_v1:corpse_maggot":2,"minecraft_121_update:copperlock_unlock":1,"regions_unexplored:white_magnolia_shrub":1,"minecraft:spruce_log":3,"globalxp:xp_block":62,"irons_spellbooks:iron_spell_book":7,"minecraft:raw_gold":1,"minecraft:splash_potion":1,"aether:invisibility_cloak":1},"minecraft:custom":{"minecraft:mob_kills":53,"minecraft:inspect_hopper":3,"minecraft:interact_with_crafting_table":23,"minecraft:open_barrel":10,"minecraft:damage_dealt_resisted":5,"minecraft:leave_game":2,"minecraft:time_since_death":10759,"minecraft:climb_one_cm":427,"minecraft:damage_resisted":31,"minecraft:sprint_one_cm":369603,"minecraft:walk_one_cm":306144,"minecraft:drop":60,"minecraft:talked_to_villager":2,"minecraft:play_time":202776,"minecraft:deaths":16,"minecraft:sneak_time":5181,"minecraft:walk_under_water_one_cm":2505,"minecraft:jump":3409,"minecraft:walk_on_water_one_cm":599,"minecraft:total_world_time":202776,"minecraft:sleep_in_bed":1,"minecraft:time_since_rest":9928,"minecraft:waystone_activated":1,"minecraft:damage_absorbed":41,"minecraft:damage_taken":5879,"minecraft:damage_dealt":9285,"minecraft:fly_one_cm":1184083,"minecraft:player_kills":1,"minecraft:open_chest":53,"minecraft:crouch_one_cm":13542,"tombstone:undead_killed":22,"minecraft:fall_one_cm":78441}},"DataVersion":3465}