{"stats":{"minecraft:killed":{"minecraft:pig":1,"born_in_chaos_v1:firelight_not_despawn":2},"minecraft:picked_up":{"born_in_chaos_v1:corpse_maggot":1,"minecraft:rotten_flesh":6,"born_in_chaos_v1:fire_dust":1,"minecraft:porkchop":2,"minecraft:poppy":1,"minecraft:carrot":1,"minecraft:oak_planks":1,"born_in_chaos_v1:marigolds":1},"minecraft:used":{"minecraft:iron_chestplate":1,"minecraft:diamond_sword":7,"minecraft:snow_block":132,"minecraft:carved_pumpkin":8,"minecraft:bread":1,"minecraft:oak_planks":2,"minecraft:iron_helmet":1,"minecraft:iron_boots":1,"minecraft:iron_leggings":1},"minecraft:mined":{"minecraft:grass":2,"born_in_chaos_v1:marigolds":1},"minecraft:dropped":{"minecraft:poppy":1,"minecraft:oak_planks":1},"minecraft:custom":{"minecraft:open_barrel":2,"minecraft:open_chest":5,"minecraft:time_since_rest":7036,"minecraft:crouch_one_cm":657,"minecraft:deaths":1,"minecraft:sprint_one_cm":90738,"minecraft:play_time":59787,"minecraft:damage_taken":417,"minecraft:walk_one_cm":114452,"minecraft:sneak_time":537,"minecraft:mob_kills":3,"minecraft:drop":2,"minecraft:jump":468,"minecraft:damage_dealt":583,"minecraft:leave_game":1,"minecraft:time_since_death":7879,"minecraft:sleep_in_bed":1,"minecraft:climb_one_cm":228,"minecraft:total_world_time":59787,"minecraft:talked_to_villager":1,"minecraft:fall_one_cm":3585,"minecraft:fly_one_cm":109409}},"DataVersion":3465}