{"stats":{"minecraft:used":{"minecraft:oak_planks":1},"minecraft:killed":{"minecraft:pig":1},"minecraft:picked_up":{"born_in_chaos_v1:corpse_maggot":1,"minecraft:rotten_flesh":4,"minecraft:porkchop":2,"minecraft:poppy":1,"minecraft:carrot":1,"minecraft:oak_planks":1},"minecraft:dropped":{"minecraft:poppy":1,"minecraft:oak_planks":1},"minecraft:custom":{"minecraft:open_chest":1,"minecraft:time_since_rest":30785,"minecraft:crouch_one_cm":261,"minecraft:sprint_one_cm":32089,"minecraft:play_time":35787,"minecraft:walk_one_cm":60208,"minecraft:sneak_time":131,"minecraft:mob_kills":1,"minecraft:drop":2,"minecraft:jump":130,"minecraft:damage_dealt":100,"minecraft:leave_game":1,"minecraft:time_since_death":35787,"minecraft:sleep_in_bed":1,"minecraft:total_world_time":35787,"minecraft:talked_to_villager":1,"minecraft:fly_one_cm":16667}},"DataVersion":3465}