{"stats":{"minecraft:broken":{"minecraft:iron_boots":1,"minecraft:iron_helmet":1},"minecraft:mined":{"minecraft:dark_oak_planks":3,"upgrade_aquatic:river_log":4,"minecraft:mossy_cobblestone":6,"minecraft:grass_block":19,"minecraft:weeping_vines":1,"minecraft:chiseled_stone_bricks":1,"minecraft:spawner":30,"minecraft:hay_block":6,"minecraft:weeping_vines_plant":1,"minecraft:magma_block":5,"minecraft:mossy_cobblestone_stairs":1,"upgrade_aquatic:mulberry_vine":1,"born_in_chaos_v1:black_argillite_brick_stairs":1,"minecraft:mossy_stone_brick_stairs":1,"minecraft:vine":2,"minecraft:iron_bars":16,"irons_spellbooks:inscription_table":1,"minecraft:stone":25,"minecraft:iron_block":1,"born_in_chaos_v1:marigolds":1,"minecraft:crafting_table":1,"minecraft:campfire":1,"minecraft:cobblestone":2,"born_in_chaos_v1:chipped_black_argillite_brick":1,"upgrade_aquatic:river_leaves":2,"minecraft:chain":2,"minecraft:dark_oak_slab":2,"minecraft:grass":4,"revampedpiles:plains_fence":1,"minecraft:dirt":5,"minecraft:cracked_stone_bricks":3,"minecraft:stone_bricks":2,"minecraft:mossy_stone_bricks":7},"minecraft:crafted":{"upgrade_aquatic:river_fence":3,"minecraft:dark_oak_planks":8,"minecraft:wheat":54,"minecraft:crafting_table":1,"upgrade_aquatic:river_planks":16,"minecraft:stick":12,"minecraft:iron_ingot":9,"irons_spellbooks:inscription_table":1,"minecraft:torch":16},"minecraft:dropped":{"irons_spellbooks:concentration_amulet":1,"minecraft:ender_pearl":3,"minecraft:diamond":22,"minecraft:iron_helmet":1,"minecraft:book":31,"minecraft:coal":53,"minecraft:leather_helmet":2,"minecraft:torch":62,"tombstone:grave_dust":4,"minecraft:dark_oak_planks":1,"minecraft:string":8,"minecraft:bone":3,"alexsmobs:maggot":2,"minecraft:bowl":1,"minecraft:wheat":40,"tombstone:gift":1,"minecraft:rotten_flesh":7,"minecraft:oak_planks":1,"waystones:warp_stone":1,"minecraft:deepslate_bricks":64,"minecraft:diamond_sword":1,"minecraft:poppy":1,"minecraft:polished_granite_stairs":1,"minecraft:iron_chestplate":1,"minecraft:charcoal":2,"born_in_chaos_v1:corpse_maggot":4,"minecraft:spider_eye":1,"minecraft:iron_bars":1,"upgrade_aquatic:river_fence":1},"minecraft:picked_up":{"minecraft:charcoal":2,"minecraft:crafting_table":1,"minecraft:iron_chestplate":1,"minecraft:wheat":12,"upgrade_aquatic:river_fence":1,"minecraft:clay_ball":6,"minecraft:suspicious_stew":1,"born_in_chaos_v1:seedof_chaos":4,"minecraft:diamond_sword":2,"aether:iron_gloves":1,"born_in_chaos_v1:black_argillite_brick_wall":1,"regions_unexplored:maple_planks":4,"minecraft:chain":2,"minecraft:string":18,"shieldexp:wooden_shield":1,"upgrade_aquatic:river_log":4,"minecraft:spruce_planks":1,"revampedpiles:plains_fence":1,"minecraft:calcite":2,"minecraft:poppy":1,"quark:black_shard":15,"minecraft:light_gray_wool":1,"upgrade_aquatic:mulberry":2,"irons_spellbooks:inscription_table":1,"globalxp:xp_block":1,"minecraft:diamond_hoe":1,"minecraft:tipped_arrow":7,"minecraft:stick":6,"minecraft:stripped_mangrove_wood":1,"minecraft:torch":8,"minecraft:porkchop":3,"tombstone:grave_dust":17,"minecraft:carrot":2,"minecraft:dark_oak_planks":6,"minecraft:polished_granite_stairs":1,"minecraft:arrow":38,"minecraft:weeping_vines":1,"minecraft:rotten_flesh":43,"minecraft:hay_block":6,"minecraft:iron_block":1,"minecraft:stripped_dark_oak_wood":1,"minecraft:gold_ingot":3,"minecraft:mutton":2,"minecraft:iron_bars":18,"minecraft:cobblestone":7,"born_in_chaos_v1:corpse_maggot":5,"minecraft:magma_block":4,"enemyexpansion:horsehead_helmet":1,"born_in_chaos_v1:spiritual_dust":4,"securitycraft:keypad_chest":2,"minecraft:dirt":19,"tombstone:gift":1,"born_in_chaos_v1:marigolds":1,"minecraft:cooked_mutton":2,"minecraft:stripped_bamboo_block":2,"minecraft:bone":66,"irons_spellbooks:iron_spell_book":2,"minecraft:stone_bricks":1,"mca:rose_gold_ingot":1,"minecraft:mossy_stone_bricks":5,"minecraft:iron_sword":1,"minecraft:oak_planks":1,"minecraft:mossy_stone_brick_stairs":1,"minecraft:book":1,"minecraft:dark_oak_slab":3,"minecraft:cooked_porkchop":2,"irons_spellbooks:frozen_bone":27,"minecraft:chiseled_stone_bricks":1,"born_in_chaos_v1:orbofthe_summoner":1,"minecraft:dark_oak_log":2,"minecraft:spider_eye":7,"minecraft:leather_helmet":2,"minecraft:mossy_cobblestone":2,"minecraft:bundle":2,"travelersbackpack:standard":1,"minecraft:diamond":7,"born_in_chaos_v1:fire_dust":2,"minecraft:chainmail_leggings":1,"minecraft:iron_helmet":1,"minecraft:golden_apple":1,"minecraft:spruce_sign":2,"alexsmobs:maggot":2,"tombstone:magic_scroll":6,"minecraft:coal":12,"minecraft:ender_pearl":3},"minecraft:used":{"irons_spellbooks:inscription_table":1,"minecraft:iron_bars":7,"minecraft:carved_pumpkin":8,"minecraft:shield":8,"regions_unexplored:maple_planks":4,"minecraft:iron_chestplate":1,"minecraft:torch":79,"minecraft:dirt":18,"minecraft:carrot":22,"minecraft:dark_oak_planks":3,"minecraft:iron_helmet":1,"minecraft:iron_boots":1,"minecraft:cooked_beef":8,"minecraft:iron_leggings":2,"minecraft:cooked_mutton":2,"minecraft:mossy_stone_bricks":4,"minecraft:snow_block":133,"upgrade_aquatic:mulberry":2,"minecraft:baked_potato":14,"minecraft:oak_planks":2,"minecraft:ender_pearl":1,"revampedpiles:plains_fence":1,"minecraft:golden_apple":13,"minecraft:mossy_cobblestone":2,"minecraft:crafting_table":2,"minecraft:bread":34,"minecraft:suspicious_stew":1,"minecraft:iron_pickaxe":105,"born_in_chaos_v1:black_argillite_brick_wall":1,"minecraft:chiseled_stone_bricks":1,"minecraft:diamond_sword":613,"minecraft:cobblestone":7,"travelersbackpack:standard":9},"minecraft:killed":{"minecraft:cave_spider":14,"minecraft:vex":1,"enemyexpansion:equestrian":2,"minecraft:spider":5,"dungeonsweaponry:enchanter":1,"enemyexpansion:direwolf":1,"born_in_chaos_v1:maggot":3,"minecraft:skeleton":26,"realmrpg_demons:chort":6,"minecraft:silverfish":2,"born_in_chaos_v1:supreme_bonescaller_stage_2":1,"born_in_chaos_v1:firelight_not_despawn":2,"minecraft:husk":21,"minecraft:pig":3,"born_in_chaos_v1:bone_imp_minion":3,"born_in_chaos_v1:spirit_guide_assistant":2,"minecraft:sheep":1,"born_in_chaos_v1:zombie_fisherman":1,"minecraft:zombie":16,"minecraft:ghast":1,"minecraft:stray":9,"enemyexpansion:botfly":10,"alexsmobs:fly":1,"minecraft:wither_skeleton":4,"enemyexpansion:slugger":1},"minecraft:custom":{"minecraft:mob_kills":141,"minecraft:interact_with_crafting_table":6,"minecraft:open_barrel":20,"minecraft:damage_dealt_resisted":244,"minecraft:leave_game":4,"minecraft:time_since_death":78585,"minecraft:climb_one_cm":13123,"minecraft:damage_resisted":64,"minecraft:sprint_one_cm":515046,"minecraft:walk_one_cm":583429,"minecraft:damage_blocked_by_shield":495,"minecraft:drop":54,"minecraft:damage_dealt_absorbed":253,"minecraft:talked_to_villager":1,"minecraft:play_time":188323,"minecraft:sneak_time":6378,"minecraft:deaths":3,"minecraft:walk_under_water_one_cm":3510,"tombstone:tomb_raiding":1,"minecraft:jump":2123,"minecraft:walk_on_water_one_cm":2314,"minecraft:total_world_time":188323,"minecraft:sleep_in_bed":3,"minecraft:time_since_rest":78501,"minecraft:damage_absorbed":385,"minecraft:damage_taken":7432,"tombstone:sneak_grave":1,"minecraft:damage_dealt":25283,"minecraft:player_kills":1,"minecraft:swim_one_cm":2954,"minecraft:fly_one_cm":417838,"minecraft:open_chest":127,"minecraft:crouch_one_cm":21480,"tombstone:undead_killed":86,"minecraft:fall_one_cm":30051},"minecraft:killed_by":{"born_in_chaos_v1:supreme_bonescaller_stage_2":1}},"DataVersion":3465}