{"stats":{"minecraft:used":{"minecraft:dark_oak_planks":2,"minecraft:snow_block":133,"minecraft:carved_pumpkin":8,"minecraft:bread":5,"minecraft:iron_pickaxe":10,"minecraft:oak_planks":2,"minecraft:iron_helmet":1,"minecraft:iron_boots":1,"minecraft:golden_apple":1,"minecraft:iron_chestplate":1,"minecraft:torch":6,"minecraft:diamond_sword":165,"minecraft:dirt":7,"minecraft:iron_leggings":1},"minecraft:killed":{"minecraft:skeleton":14,"minecraft:husk":21,"minecraft:zombie":2,"minecraft:pig":1,"enemyexpansion:botfly":5,"born_in_chaos_v1:firelight_not_despawn":2,"born_in_chaos_v1:maggot":1},"minecraft:picked_up":{"minecraft:magma_block":4,"born_in_chaos_v1:corpse_maggot":3,"minecraft:stripped_mangrove_wood":1,"minecraft:clay_ball":6,"minecraft:torch":1,"minecraft:porkchop":2,"tombstone:grave_dust":6,"minecraft:carrot":1,"minecraft:dirt":9,"minecraft:dark_oak_planks":6,"minecraft:bone":15,"born_in_chaos_v1:marigolds":1,"minecraft:arrow":11,"minecraft:rotten_flesh":28,"born_in_chaos_v1:fire_dust":2,"minecraft:spruce_planks":1,"minecraft:stripped_dark_oak_wood":1,"minecraft:golden_apple":1,"minecraft:spruce_sign":2,"minecraft:calcite":2,"minecraft:poppy":1,"minecraft:oak_planks":1},"minecraft:crafted":{"minecraft:stick":4,"minecraft:torch":16},"minecraft:mined":{"minecraft:dark_oak_planks":3,"minecraft:magma_block":5,"born_in_chaos_v1:marigolds":1,"born_in_chaos_v1:black_argillite_brick_stairs":1,"minecraft:grass_block":10,"minecraft:grass":3,"minecraft:dirt":1,"born_in_chaos_v1:chipped_black_argillite_brick":1,"minecraft:spawner":3},"minecraft:dropped":{"minecraft:poppy":1,"minecraft:oak_planks":1,"minecraft:dark_oak_planks":1},"minecraft:custom":{"minecraft:time_since_rest":19482,"minecraft:sprint_one_cm":152810,"minecraft:damage_absorbed":40,"minecraft:damage_taken":2066,"minecraft:walk_one_cm":231503,"minecraft:mob_kills":47,"minecraft:drop":3,"minecraft:damage_dealt":8607,"minecraft:swim_one_cm":1999,"minecraft:talked_to_villager":1,"minecraft:fly_one_cm":158418,"minecraft:walk_under_water_one_cm":268,"minecraft:open_barrel":10,"minecraft:open_chest":19,"minecraft:crouch_one_cm":2708,"minecraft:play_time":83714,"tombstone:undead_killed":37,"minecraft:deaths":2,"minecraft:sneak_time":1386,"minecraft:jump":743,"minecraft:walk_on_water_one_cm":308,"minecraft:leave_game":2,"minecraft:time_since_death":21881,"minecraft:sleep_in_bed":1,"minecraft:total_world_time":83714,"minecraft:climb_one_cm":2874,"minecraft:fall_one_cm":7036}},"DataVersion":3465}