{"stats":{"minecraft:killed":{"minecraft:husk":21,"minecraft:pig":1,"enemyexpansion:botfly":5,"born_in_chaos_v1:firelight_not_despawn":2,"born_in_chaos_v1:maggot":1},"minecraft:used":{"minecraft:snow_block":133,"minecraft:carved_pumpkin":8,"minecraft:bread":3,"minecraft:iron_pickaxe":1,"minecraft:oak_planks":2,"minecraft:iron_helmet":1,"minecraft:iron_boots":1,"minecraft:iron_chestplate":1,"minecraft:torch":1,"minecraft:diamond_sword":98,"minecraft:iron_leggings":1},"minecraft:picked_up":{"born_in_chaos_v1:corpse_maggot":3,"minecraft:stripped_mangrove_wood":1,"minecraft:porkchop":2,"tombstone:grave_dust":2,"minecraft:carrot":1,"minecraft:dark_oak_planks":2,"born_in_chaos_v1:marigolds":1,"minecraft:rotten_flesh":26,"born_in_chaos_v1:fire_dust":2,"minecraft:spruce_planks":1,"minecraft:calcite":2,"minecraft:poppy":1,"minecraft:oak_planks":1},"minecraft:crafted":{"minecraft:stick":4,"minecraft:torch":16},"minecraft:mined":{"minecraft:dark_oak_planks":1,"born_in_chaos_v1:marigolds":1,"minecraft:grass":2,"minecraft:spawner":1},"minecraft:dropped":{"minecraft:poppy":1,"minecraft:oak_planks":1},"minecraft:custom":{"minecraft:time_since_rest":7555,"minecraft:sprint_one_cm":117559,"minecraft:damage_taken":1544,"minecraft:walk_one_cm":165909,"minecraft:mob_kills":31,"minecraft:drop":2,"minecraft:damage_dealt":5634,"minecraft:talked_to_villager":1,"minecraft:fly_one_cm":140039,"minecraft:open_barrel":3,"minecraft:open_chest":8,"minecraft:crouch_one_cm":1374,"minecraft:play_time":71787,"tombstone:undead_killed":21,"minecraft:deaths":2,"minecraft:sneak_time":972,"minecraft:jump":604,"minecraft:leave_game":1,"minecraft:time_since_death":9954,"minecraft:sleep_in_bed":1,"minecraft:total_world_time":71787,"minecraft:climb_one_cm":228,"minecraft:fall_one_cm":4423}},"DataVersion":3465}