{"stats":{"minecraft:killed":{"minecraft:pig":1},"minecraft:used":{"minecraft:snow_block":132,"minecraft:carved_pumpkin":8,"minecraft:oak_planks":1},"minecraft:picked_up":{"born_in_chaos_v1:corpse_maggot":1,"minecraft:rotten_flesh":4,"minecraft:porkchop":2,"minecraft:poppy":1,"minecraft:carrot":1,"minecraft:oak_planks":1},"minecraft:dropped":{"minecraft:poppy":1,"minecraft:oak_planks":1},"minecraft:custom":{"minecraft:open_barrel":2,"minecraft:open_chest":4,"minecraft:time_since_rest":42785,"minecraft:crouch_one_cm":576,"minecraft:sprint_one_cm":67305,"minecraft:play_time":47787,"minecraft:damage_taken":15,"minecraft:walk_one_cm":88308,"minecraft:sneak_time":226,"minecraft:mob_kills":1,"minecraft:drop":2,"minecraft:jump":334,"minecraft:damage_dealt":145,"minecraft:leave_game":1,"minecraft:time_since_death":47787,"minecraft:sleep_in_bed":1,"minecraft:climb_one_cm":228,"minecraft:total_world_time":47787,"minecraft:talked_to_villager":1,"minecraft:fly_one_cm":74394}},"DataVersion":3465}