{"stats":{"minecraft:broken":{"minecraft:diamond_helmet":1,"minecraft:iron_boots":2,"minecraft:iron_leggings":2,"minecraft:diamond_chestplate":1,"shieldexp:wooden_shield":1,"minecraft:iron_helmet":2},"minecraft:mined":{"minecraft:spruce_planks":9,"minecraft:stone_pressure_plate":1,"regions_unexplored:magnolia_log":31,"minecraft:brewing_stand":1,"minecraft:acacia_log":35,"minecraft:grass_block":2,"minecraft:deepslate_bricks":4,"minecraft:coal_block":7,"minecraft:spawner":87,"minecraft:mossy_cobblestone_stairs":2,"minecraft:cobbled_deepslate":11,"minecraft:fire":4,"minecraft:barrel":1,"regions_unexplored:mossy_stone":1,"minecraft:deepslate_lapis_ore":3,"minecraft:nether_brick_stairs":2,"minecraft:iron_bars":28,"minecraft:deepslate_redstone_ore":5,"minecraft:orange_terracotta":1,"minecraft:torch":1,"minecraft:chest":1,"minecraft:cobblestone":2,"minecraft:bricks":1,"minecraft:iron_door":3,"minecraft:dark_oak_slab":3,"minecraft:nether_wart_block":1,"minecraft:wheat":2,"minecraft:stone_brick_stairs":2,"minecraft:tnt":1,"minecraft:smooth_stone_slab":3,"minecraft:grass":32,"minecraft:oak_log":4,"minecraft:sand":13,"travelersbackpack:gold":1,"minecraft:netherrack":2,"minecraft:deepslate":270,"minecraft:oak_leaves":5,"minecraft:dark_prismarine":4,"minecraft:deepslate_tiles":1,"minecraft:red_carpet":1,"minecraft:tuff":18,"minecraft:mossy_cobblestone":11,"minecraft:deepslate_diamond_ore":11,"born_in_chaos_v1:infected_diamond_ore":3,"minecraft:dark_oak_fence":4,"minecraft:nether_bricks":4,"minecraft:spruce_leaves":1,"minecraft:hay_block":94,"minecraft:furnace":1,"minecraft:acacia_wood":4,"minecraft:andesite":3,"minecraft:green_terracotta":1,"minecraft:mossy_stone_brick_stairs":2,"minecraft:shroomlight":1,"minecraft:vine":16,"regions_unexplored:medium_grass":4,"minecraft:stone":41,"minecraft:white_wool":3,"regions_unexplored:silver_birch_leaf_pile":1,"minecraft:stripped_dark_oak_log":2,"minecraft:brown_carpet":3,"travelersbackpack:standard":1,"minecraft:crafting_table":8,"regions_unexplored:pink_magnolia_leaves":1,"morevillagers:oceanography_table":1,"create:experience_block":1,"minecraft:coal_ore":18,"minecraft:gravel":11,"minecraft:cracked_stone_bricks":4,"minecraft:stone_bricks":18,"minecraft:mossy_stone_bricks":5},"minecraft:crafted":{"minecraft:oak_planks":16,"minecraft:glass":12,"minecraft:diamond_leggings":1,"blue_skies:blue_journal":1,"minecraft:crafting_table":5,"minecraft:wooden_pickaxe":1,"travelersbackpack:standard":1,"minecraft:stick":26,"minecraft:iron_ingot":4,"shieldexp:wooden_shield":1,"minecraft:iron_pickaxe":1,"minecraft:furnace":1,"blue_skies:zeal_lighter":1,"travelersbackpack:white_sleeping_bag":1,"minecraft:iron_axe":1,"travelersbackpack:gold":1,"minecraft:stone_pickaxe":1,"quark:spruce_chest":1,"regions_unexplored:magnolia_planks":56,"minecraft:wheat":191,"minecraft:coal_block":2,"travelersbackpack:backpack_tank":2,"minecraft:bread":77,"minecraft:air":0,"minecraft:wooden_axe":1,"minecraft:acacia_planks":128,"minecraft:torch":20,"minecraft:diamond_chestplate":2},"minecraft:dropped":{"minecraft:iron_sword":1,"minecraft:brown_mushroom":4,"irons_spellbooks:rare_ink":2,"regions_unexplored:magnolia_log":30,"minecraft:cooked_beef":3,"minecraft:glass_bottle":1,"minecraft:diamond":12,"minecraft:crafting_table":1,"minecraft:cooked_porkchop":6,"minecraft:lantern":1,"minecraft:leather":20,"minecraft:cracked_stone_bricks":9,"born_in_chaos_v1:pieceofdarkmetal":10,"travelersbackpack:standard":1,"minecraft:flint":3,"minecraft:red_carpet":3,"minecraft:emerald":4,"born_in_chaos_v1:monster_flesh":1,"minecraft:dirt":1,"minecraft:dark_oak_fence":2,"born_in_chaos_v1:monster_skin":3,"irons_spellbooks:hogskin":11,"irons_spellbooks:arcane_essence":32,"minecraft:chain":1,"minecraft:sand":84,"minecraft:iron_pickaxe":3,"minecraft:white_wool":8,"tombstone:familiar_receptacle":1,"minecraft:armor_stand":1,"minecraft:bone":43,"minecraft:gravel":1,"create:experience_block":2,"minecraft:goat_horn":6,"minecraft:iron_nugget":21,"minecraft:cobbled_deepslate":131,"minecraft:wheat":3,"tombstone:tablet_of_recall":1,"born_in_chaos_v1:ethereal_spirit":16,"quark:crab_leg":1,"minecraft:rotten_flesh":20,"minecraft:enchanted_golden_apple":29,"minecraft:oak_planks":32,"minecraft:cooked_mutton":1,"minecraft:carrot":5,"travelersbackpack:gold":1,"minecraft:leather_chestplate":1,"minecraft:mangrove_log":1,"minecraft:gunpowder":9,"born_in_chaos_v1:corpse_maggot":7,"minecraft:leather_boots":1,"minecraft:chainmail_boots":1,"minecraft:iron_bars":2,"minecraft:arrow":10,"minecraft:bread":273,"minecraft:iron_ingot":94,"regions_unexplored:magnolia_planks":60,"minecraft:wheat_seeds":13,"minecraft:tnt":2,"minecraft:iron_helmet":1,"minecraft:cobblestone":32,"minecraft:knowledge_book":1,"minecraft:book":27,"minecraft:apple":1,"minecraft:copper_ingot":5,"minecraft:coal":2,"minecraft:golden_apple":6,"minecraft:stick":12,"irons_spellbooks:scroll":2,"relics:roller_skates":1,"minecraft:torch":16,"tombstone:grave_key":1,"minecraft:nether_wart_block":1,"regions_unexplored:pink_magnolia_sapling":2,"tombstone:grave_dust":16,"shieldexp:wooden_shield":1,"irons_spellbooks:common_ink":10,"minecraft:iron_axe":2,"minecraft:paper":8,"minecraft:string":5,"irons_spellbooks:frozen_bone":28,"minecraft:furnace":1,"minecraft:bricks":1,"alexsmobs:maggot":2,"minecraft:smooth_stone_slab":3,"minecraft:bowl":13,"minecraft:tuff":79,"minecraft:raw_iron":4,"irons_spellbooks:uncommon_ink":2,"minecraft:nether_bricks":96,"minecraft:stripped_bamboo_block":2,"minecraft:suspicious_stew":1,"minecraft:diamond_sword":1,"minecraft:hay_block":3,"minecraft:shield":4,"aether:iron_gloves":2,"aether:diamond_gloves":1,"minecraft:spruce_planks":499,"minecraft:iron_chestplate":1,"minecraft:andesite":1,"minecraft:spider_eye":1,"minecraft:barrel":1,"minecraft:stone_bricks":23,"minecraft:bamboo":29,"minecraft:brown_carpet":2,"minecraft:slime_ball":4,"minecraft:stone_pickaxe":1,"minecraft:wooden_pickaxe":1},"minecraft:used":{"minecraft:diamond_hoe":93,"minecraft:shield":2,"minecraft:iron_sword":227,"minecraft:nether_bricks":17,"minecraft:carrot":2,"farmersdelight:steak_and_potatoes":1,"minecraft:stone_bricks":2,"minecraft:hay_block":22,"minecraft:furnace":1,"minecraft:mossy_stone_bricks":1,"minecraft:stone_pickaxe":16,"minecraft:ender_pearl":2,"minecraft:wooden_pickaxe":3,"minecraft:golden_apple":25,"minecraft:bread":33,"minecraft:diamond_sword":989,"minecraft:coal_block":1,"minecraft:chainmail_boots":1,"minecraft:andesite":1,"minecraft:experience_bottle":17,"minecraft:acacia_log":5,"born_in_chaos_v1:ethereal_spirit":2,"minecraft:spruce_planks":18,"minecraft:torch":16,"minecraft:dirt":1,"minecraft:diamond_helmet":1,"regions_unexplored:magnolia_log":2,"minecraft:shroomlight":1,"minecraft:wooden_axe":10,"shieldexp:wooden_shield":1,"travelersbackpack:gold":10,"minecraft:iron_axe":28,"minecraft:diamond_chestplate":1,"minecraft:beef":3,"minecraft:goat_horn":3,"minecraft:acacia_wood":2,"tombstone:gift":6,"minecraft:cooked_beef":15,"minecraft:cobbled_deepslate":5,"minecraft:acacia_planks":120,"minecraft:enchanted_golden_apple":46,"minecraft:knowledge_book":1,"minecraft:cooked_mutton":1,"minecraft:baked_potato":10,"minecraft:mossy_cobblestone":5,"minecraft:stripped_dark_oak_log":2,"minecraft:tnt":2,"minecraft:crafting_table":12,"minecraft:dark_prismarine":4,"minecraft:diamond_pickaxe":398,"minecraft:apple":15,"minecraft:iron_pickaxe":188,"minecraft:suspicious_stew":1,"minecraft:stone_axe":1,"minecraft:cobblestone":6,"minecraft:potion":3,"travelersbackpack:standard":48,"minecraft:cooked_porkchop":20},"minecraft:picked_up":{"irons_spellbooks:scroll":4,"minecraft:iron_chestplate":2,"waystones:warp_stone":1,"minecraft:wheat":10,"minecraft:suspicious_stew":2,"regions_unexplored:magnolia_log":46,"minecraft:diamond_sword":1,"aether:iron_gloves":3,"minecraft:enchanted_book":3,"minecraft:knowledge_book":2,"minecraft:brewing_stand":1,"minecraft:string":10,"shieldexp:wooden_shield":1,"minecraft:smooth_stone_slab":3,"minecraft:iron_leggings":1,"minecraft:armor_stand":1,"minecraft:experience_bottle":1,"minecraft:shroomlight":1,"irons_spellbooks:arcane_essence":39,"minecraft:cobbled_deepslate":129,"minecraft:spruce_planks":498,"minecraft:iron_pickaxe":2,"minecraft:enchanted_golden_apple":112,"minecraft:coal_block":7,"minecraft:mangrove_log":1,"minecraft:iron_boots":1,"minecraft:furnace":1,"minecraft:tipped_arrow":3,"minecraft:stick":16,"born_in_chaos_v1:shattered_skull":1,"minecraft:torch":71,"minecraft:acacia_log":35,"minecraft:spruce_stairs":1,"tombstone:grave_dust":17,"aether:golden_gloves":1,"born_in_chaos_v1:nightmare_claw":2,"minecraft:green_terracotta":1,"minecraft:goat_horn":6,"minecraft:brown_carpet":2,"regions_unexplored:pink_magnolia_sapling":2,"minecraft:rotten_flesh":41,"regions_unexplored:magnolia_sapling":2,"minecraft:iron_bars":6,"minecraft:cobblestone":49,"relics:roller_skates":1,"minecraft:cooked_beef":3,"minecraft:andesite":2,"minecraft:potato":2,"minecraft:flint":3,"minecraft:tuff":79,"minecraft:wither_skeleton_skull":5,"minecraft:lantern":1,"minecraft:dirt":2,"tombstone:familiar_receptacle":1,"minecraft:name_tag":1,"born_in_chaos_v1:monster_skin":3,"minecraft:leather_boots":1,"minecraft:stripped_bamboo_block":2,"irons_spellbooks:hogskin":22,"irons_spellbooks:iron_spell_book":1,"minecraft:bone":86,"morevillagers:oceanography_table":1,"minecraft:wheat_seeds":13,"minecraft:bow":1,"mca:rose_gold_ingot":1,"regions_unexplored:magnolia_planks":30,"minecraft:mossy_stone_bricks":1,"minecraft:bamboo":29,"travelersbackpack:gold":2,"minecraft:oak_planks":16,"create:experience_block":3,"irons_spellbooks:frozen_bone":31,"minecraft:cooked_porkchop":135,"minecraft:sand":96,"minecraft:nether_brick_stairs":1,"minecraft:mossy_cobblestone":5,"minecraft:barrel":1,"minecraft:dark_prismarine":4,"minecraft:bundle":2,"minecraft:diamond":20,"tombstone:tablet_of_recall":1,"minecraft:crossbow":1,"minecraft:golden_apple":3,"minecraft:emerald":9,"minecraft:bread":260,"alexsmobs:maggot":2,"irons_spellbooks:uncommon_ink":2,"minecraft:dark_oak_fence":2,"minecraft:bricks":1,"minecraft:diamond_pickaxe":1,"minecraft:crafting_table":8,"born_in_chaos_v1:diamond_termite_shard":4,"born_in_chaos_v1:seedof_chaos":5,"minecraft:chain":1,"minecraft:shield":2,"aether:leather_gloves":1,"minecraft:iron_axe":1,"minecraft:cracked_stone_bricks":9,"minecraft:beef":9,"born_in_chaos_v1:gnawed_bones":1,"irons_spellbooks:epic_ink":1,"minecraft:iron_nugget":14,"minecraft:poppy":2,"minecraft:chest":1,"globalxp:xp_block":1,"minecraft:spruce_trapdoor":2,"minecraft:diamond_hoe":2,"minecraft:raw_iron":4,"minecraft:copper_ingot":5,"minecraft:bowl":15,"born_in_chaos_v1:pieceofdarkmetal":10,"irons_spellbooks:evocation_rune":1,"minecraft:tnt":2,"minecraft:arrow":27,"minecraft:nether_bricks":141,"minecraft:hay_block":94,"tombstone:essence_of_undeath":1,"minecraft:glistering_melon_slice":18,"minecraft:gold_ingot":24,"minecraft:white_wool":11,"quark:crab_leg":1,"born_in_chaos_v1:corpse_maggot":13,"born_in_chaos_v1:monster_flesh":1,"minecraft:leather":24,"minecraft:acacia_wood":4,"waystones:sandy_waystone":1,"minecraft:oak_log":4,"securitycraft:keypad_chest":2,"minecraft:nether_wart_block":1,"minecraft:gunpowder":10,"minecraft:paper":4,"irons_spellbooks:rare_ink":3,"minecraft:cooked_mutton":2,"irons_spellbooks:common_ink":10,"minecraft:red_carpet":3,"minecraft:stone_bricks":26,"minecraft:iron_ingot":100,"minecraft:glass_bottle":2,"minecraft:iron_sword":2,"minecraft:book":36,"farmersdelight:steak_and_potatoes":1,"born_in_chaos_v1:lifestealer_bone":5,"born_in_chaos_v1:ethereal_spirit":16,"minecraft:gravel":1,"minecraft:spruce_log":2,"minecraft:spider_eye":1,"travelersbackpack:standard":3,"minecraft:diamond_shovel":1,"minecraft:slime_ball":4,"minecraft:iron_helmet":2,"tombstone:magic_scroll":3,"minecraft:stripped_dark_oak_log":2,"minecraft:coal":34,"minecraft:ender_pearl":3},"minecraft:custom":{"minecraft:interact_with_crafting_table":47,"minecraft:open_barrel":104,"minecraft:leave_game":7,"minecraft:time_since_death":178578,"minecraft:damage_resisted":4111,"minecraft:sprint_one_cm":1610913,"minecraft:damage_blocked_by_shield":255,"minecraft:drop":308,"minecraft:talked_to_villager":7,"minecraft:play_time":327132,"minecraft:deaths":5,"minecraft:jump":4808,"minecraft:interact_with_brewingstand":1,"minecraft:walk_on_water_one_cm":33644,"minecraft:interact_with_furnace":25,"minecraft:traded_with_villager":2,"minecraft:interact_with_cartography_table":1,"minecraft:sleep_in_bed":5,"minecraft:damage_dealt":79980,"minecraft:crouch_one_cm":57310,"tombstone:undead_killed":230,"minecraft:interact_with_smithing_table":1,"minecraft:interact_with_anvil":1,"minecraft:mob_kills":373,"minecraft:damage_dealt_resisted":2470,"minecraft:climb_one_cm":36431,"minecraft:walk_one_cm":794682,"minecraft:sneak_time":19218,"minecraft:walk_under_water_one_cm":21357,"minecraft:interact_with_blast_furnace":2,"minecraft:total_world_time":327132,"tombstone:raider_killed":4,"minecraft:time_since_rest":149149,"minecraft:damage_taken":15755,"minecraft:damage_absorbed":6874,"minecraft:swim_one_cm":93660,"minecraft:fly_one_cm":1185985,"minecraft:open_chest":410,"minecraft:fall_one_cm":346660},"minecraft:killed":{"born_in_chaos_v1:lifestealer_true_form":1,"minecraft:cave_spider":2,"born_in_chaos_v1:restless_spirit":4,"born_in_chaos_v1:zombie_lumberjack":2,"born_in_chaos_v1:skeleton_demoman":1,"minecraft:spider":7,"dungeonsweaponry:enchanter":1,"born_in_chaos_v1:siamese_skeletonsright":1,"born_in_chaos_v1:scarlet_persecutor":3,"minecraft:skeleton":39,"minecraft:bee":1,"realmrpg_demons:chort":3,"minecraft:silverfish":13,"irons_spellbooks:archevoker":1,"irons_spellbooks:summoned_skeleton":2,"enemyexpansion:vampflyer":1,"minecraft:pig":1,"born_in_chaos_v1:diamond_termite":4,"irons_spellbooks:necromancer":1,"minecraft:pillager":5,"enemyexpansion:meature":1,"minecraft:zombie":53,"born_in_chaos_v1:dread_hound":2,"born_in_chaos_v1:corpse_fly":13,"minecraft:stray":21,"enemyexpansion:botfly":1,"minecraft:glow_squid":1,"born_in_chaos_v1:door_knight":2,"born_in_chaos_v1:siamese_skeletonsleft":1,"minecraft:cow":5,"irons_spellbooks:summoned_zombie":2,"minecraft:vindicator":1,"enemyexpansion:direwolf":4,"born_in_chaos_v1:zombie_bruiser":1,"born_in_chaos_v1:maggot":13,"minecraft:phantom":1,"enemyexpansion:silverqueen":1,"enemyexpansion:goblin":2,"born_in_chaos_v1:spiritof_chaos":2,"born_in_chaos_v1:fallen_chaos_knight":1,"born_in_chaos_v1:spirit_guide":1,"born_in_chaos_v1:swarmer":1,"enemyexpansion:sprinter":5,"minecraft:hoglin":25,"born_in_chaos_v1:decrepit_skeleton":9,"born_in_chaos_v1:bloody_gadfly":1,"alexsmobs:cockroach":1,"born_in_chaos_v1:dark_vortex":2,"enemyexpansion:huntsman":2,"born_in_chaos_v1:nightmare_stalker":1,"minecraft:wither_skeleton":81},"minecraft:killed_by":{"illager_additions:new_samurai":1}},"DataVersion":3465}