{"stats":{"minecraft:killed":{"minecraft:bee":1},"minecraft:used":{"minecraft:cooked_mutton":1,"minecraft:suspicious_stew":1,"minecraft:iron_sword":3},"minecraft:picked_up":{"quark:crab_leg":1,"minecraft:iron_chestplate":2,"farmersdelight:steak_and_potatoes":1,"minecraft:suspicious_stew":2,"minecraft:bowl":2,"aether:iron_gloves":3,"minecraft:potato":2,"securitycraft:keypad_chest":2,"shieldexp:wooden_shield":1,"minecraft:stripped_bamboo_block":2,"minecraft:armor_stand":1,"minecraft:iron_leggings":1,"travelersbackpack:standard":1,"minecraft:cooked_mutton":2,"irons_spellbooks:iron_spell_book":1,"minecraft:rotten_flesh":1,"mca:rose_gold_ingot":1,"minecraft:wheat_seeds":2,"minecraft:iron_helmet":2,"minecraft:gold_ingot":3,"minecraft:enchanted_golden_apple":64,"alexsmobs:maggot":2,"minecraft:iron_sword":1,"globalxp:xp_block":1,"minecraft:diamond_hoe":1,"minecraft:iron_boots":1,"minecraft:ender_pearl":3},"minecraft:dropped":{"aether:iron_gloves":2},"minecraft:custom":{"minecraft:time_since_rest":5451,"minecraft:sprint_one_cm":33903,"minecraft:damage_taken":1018,"minecraft:walk_one_cm":35015,"minecraft:interact_with_anvil":1,"minecraft:mob_kills":1,"minecraft:drop":2,"minecraft:damage_dealt":160,"minecraft:fly_one_cm":53100,"minecraft:crouch_one_cm":195,"minecraft:play_time":13230,"minecraft:deaths":1,"minecraft:sneak_time":106,"minecraft:jump":287,"minecraft:interact_with_blast_furnace":1,"minecraft:walk_on_water_one_cm":132,"minecraft:time_since_death":6062,"minecraft:total_world_time":13230,"minecraft:damage_resisted":6,"minecraft:fall_one_cm":7944}},"DataVersion":3465}