{"stats":{"minecraft:killed":{"born_in_chaos_v1:restless_spirit":2,"born_in_chaos_v1:skeleton_demoman":1,"born_in_chaos_v1:maggot":2,"minecraft:skeleton":6,"minecraft:bee":1,"enemyexpansion:goblin":1,"born_in_chaos_v1:diamond_termite":4,"enemyexpansion:sprinter":2,"born_in_chaos_v1:decrepit_skeleton":2,"minecraft:zombie":13,"born_in_chaos_v1:dread_hound":1,"born_in_chaos_v1:corpse_fly":2,"enemyexpansion:huntsman":1,"minecraft:stray":14},"minecraft:used":{"minecraft:shield":1,"minecraft:iron_sword":227,"minecraft:dirt":1,"minecraft:nether_bricks":13,"farmersdelight:steak_and_potatoes":1,"minecraft:wooden_axe":10,"shieldexp:wooden_shield":1,"tombstone:gift":2,"minecraft:cooked_beef":15,"minecraft:cobbled_deepslate":5,"minecraft:enchanted_golden_apple":13,"minecraft:cooked_mutton":1,"minecraft:stone_pickaxe":16,"minecraft:baked_potato":1,"minecraft:wooden_pickaxe":3,"minecraft:tnt":2,"minecraft:crafting_table":6,"minecraft:diamond_pickaxe":156,"minecraft:apple":8,"minecraft:bread":3,"minecraft:suspicious_stew":1,"minecraft:iron_pickaxe":188,"minecraft:stone_axe":1,"minecraft:diamond_sword":2,"travelersbackpack:standard":8,"minecraft:chainmail_boots":1},"minecraft:picked_up":{"irons_spellbooks:scroll":1,"minecraft:crafting_table":5,"minecraft:iron_chestplate":2,"born_in_chaos_v1:diamond_termite_shard":4,"minecraft:suspicious_stew":2,"regions_unexplored:magnolia_log":29,"aether:iron_gloves":3,"minecraft:enchanted_book":1,"minecraft:chain":1,"minecraft:brewing_stand":1,"shieldexp:wooden_shield":1,"minecraft:iron_leggings":1,"minecraft:armor_stand":1,"minecraft:experience_bottle":1,"minecraft:cobbled_deepslate":125,"minecraft:spruce_planks":2,"born_in_chaos_v1:gnawed_bones":1,"minecraft:iron_nugget":7,"minecraft:enchanted_golden_apple":64,"globalxp:xp_block":1,"minecraft:spruce_trapdoor":2,"minecraft:diamond_hoe":1,"minecraft:iron_boots":1,"minecraft:tipped_arrow":2,"minecraft:stick":2,"minecraft:copper_ingot":5,"minecraft:bowl":3,"minecraft:spruce_stairs":1,"tombstone:grave_dust":12,"regions_unexplored:pink_magnolia_sapling":1,"minecraft:tnt":2,"minecraft:arrow":9,"minecraft:rotten_flesh":11,"minecraft:nether_bricks":77,"minecraft:gold_ingot":3,"regions_unexplored:magnolia_sapling":1,"minecraft:iron_bars":4,"minecraft:cobblestone":3,"quark:crab_leg":1,"born_in_chaos_v1:corpse_maggot":2,"minecraft:cooked_beef":3,"minecraft:potato":2,"minecraft:tuff":15,"securitycraft:keypad_chest":2,"minecraft:nether_wart_block":1,"minecraft:gunpowder":1,"minecraft:dirt":1,"tombstone:familiar_receptacle":1,"minecraft:cooked_mutton":2,"minecraft:stripped_bamboo_block":2,"minecraft:bone":8,"irons_spellbooks:iron_spell_book":1,"mca:rose_gold_ingot":1,"minecraft:wheat_seeds":12,"minecraft:iron_sword":2,"farmersdelight:steak_and_potatoes":1,"irons_spellbooks:frozen_bone":9,"born_in_chaos_v1:ethereal_spirit":4,"minecraft:gravel":1,"minecraft:spruce_log":2,"travelersbackpack:standard":1,"minecraft:diamond":13,"minecraft:iron_helmet":2,"minecraft:golden_apple":2,"alexsmobs:maggot":2,"tombstone:magic_scroll":1,"minecraft:bricks":1,"minecraft:ender_pearl":3,"minecraft:diamond_pickaxe":1},"minecraft:crafted":{"minecraft:stone_pickaxe":1,"regions_unexplored:magnolia_planks":52,"minecraft:crafting_table":1,"minecraft:wooden_pickaxe":1,"minecraft:bread":1,"minecraft:stick":14,"minecraft:iron_pickaxe":1,"shieldexp:wooden_shield":1,"minecraft:wooden_axe":1,"minecraft:diamond_chestplate":1},"minecraft:broken":{"minecraft:iron_boots":1,"minecraft:iron_leggings":1,"shieldexp:wooden_shield":1,"minecraft:iron_helmet":1},"minecraft:mined":{"minecraft:deepslate_tiles":1,"minecraft:tuff":16,"minecraft:deepslate_diamond_ore":11,"regions_unexplored:magnolia_log":29,"minecraft:brewing_stand":1,"born_in_chaos_v1:infected_diamond_ore":3,"minecraft:nether_bricks":4,"minecraft:grass_block":1,"minecraft:deepslate_bricks":4,"minecraft:spawner":18,"minecraft:cobbled_deepslate":11,"minecraft:deepslate_lapis_ore":3,"minecraft:iron_bars":10,"minecraft:stone":3,"minecraft:deepslate_redstone_ore":5,"minecraft:crafting_table":6,"regions_unexplored:pink_magnolia_leaves":1,"minecraft:bricks":1,"minecraft:nether_wart_block":1,"minecraft:tnt":1,"minecraft:grass":1,"minecraft:gravel":11,"minecraft:netherrack":1,"minecraft:deepslate":266},"minecraft:dropped":{"minecraft:iron_sword":1,"minecraft:brown_mushroom":4,"minecraft:wheat_seeds":12,"minecraft:cooked_beef":3,"minecraft:tnt":2,"minecraft:diamond":5,"minecraft:iron_helmet":1,"minecraft:copper_ingot":5,"minecraft:golden_apple":1,"minecraft:stick":6,"minecraft:torch":6,"tombstone:grave_key":1,"minecraft:nether_wart_block":1,"shieldexp:wooden_shield":1,"tombstone:grave_dust":12,"minecraft:iron_pickaxe":1,"irons_spellbooks:frozen_bone":6,"tombstone:familiar_receptacle":1,"minecraft:bone":1,"minecraft:gravel":1,"minecraft:bricks":1,"alexsmobs:maggot":2,"minecraft:iron_nugget":7,"minecraft:cobbled_deepslate":125,"minecraft:bowl":1,"minecraft:tuff":15,"minecraft:rotten_flesh":7,"minecraft:enchanted_golden_apple":3,"minecraft:cooked_mutton":1,"minecraft:nether_bricks":32,"minecraft:gunpowder":1,"aether:iron_gloves":2,"aether:diamond_gloves":1,"minecraft:spruce_planks":13,"minecraft:iron_chestplate":1,"minecraft:chainmail_boots":1,"minecraft:arrow":1,"minecraft:stone_pickaxe":1,"minecraft:wooden_pickaxe":1},"minecraft:custom":{"minecraft:interact_with_anvil":1,"minecraft:mob_kills":55,"minecraft:interact_with_crafting_table":12,"minecraft:open_barrel":12,"minecraft:time_since_death":36062,"minecraft:climb_one_cm":230,"minecraft:damage_resisted":1142,"minecraft:sprint_one_cm":416427,"minecraft:walk_one_cm":234744,"minecraft:damage_blocked_by_shield":195,"minecraft:drop":66,"minecraft:play_time":85230,"minecraft:deaths":4,"minecraft:sneak_time":8992,"minecraft:walk_under_water_one_cm":330,"minecraft:jump":1052,"minecraft:interact_with_brewingstand":1,"minecraft:interact_with_blast_furnace":1,"minecraft:walk_on_water_one_cm":3776,"minecraft:total_world_time":85230,"minecraft:interact_with_furnace":4,"minecraft:time_since_rest":33776,"minecraft:damage_taken":5227,"minecraft:damage_absorbed":1943,"minecraft:damage_dealt":11454,"minecraft:fly_one_cm":145638,"minecraft:swim_one_cm":850,"minecraft:open_chest":81,"minecraft:crouch_one_cm":22141,"tombstone:undead_killed":39,"minecraft:fall_one_cm":30156}},"DataVersion":3465}