{"stats":{"minecraft:killed":{"born_in_chaos_v1:restless_spirit":2,"born_in_chaos_v1:skeleton_demoman":1,"born_in_chaos_v1:maggot":2,"minecraft:skeleton":9,"minecraft:bee":1,"minecraft:silverfish":1,"enemyexpansion:goblin":1,"enemyexpansion:vampflyer":1,"born_in_chaos_v1:diamond_termite":4,"enemyexpansion:sprinter":2,"born_in_chaos_v1:decrepit_skeleton":2,"minecraft:zombie":16,"born_in_chaos_v1:dread_hound":1,"born_in_chaos_v1:corpse_fly":2,"minecraft:stray":16,"born_in_chaos_v1:dark_vortex":1,"enemyexpansion:huntsman":1,"minecraft:wither_skeleton":1},"minecraft:used":{"minecraft:shield":1,"minecraft:iron_sword":227,"minecraft:dirt":1,"minecraft:nether_bricks":17,"farmersdelight:steak_and_potatoes":1,"minecraft:wooden_axe":10,"shieldexp:wooden_shield":1,"tombstone:gift":2,"minecraft:cooked_beef":15,"minecraft:cobbled_deepslate":5,"minecraft:enchanted_golden_apple":16,"minecraft:cooked_mutton":1,"minecraft:stone_pickaxe":16,"minecraft:baked_potato":1,"minecraft:wooden_pickaxe":3,"minecraft:golden_apple":10,"minecraft:tnt":2,"minecraft:crafting_table":6,"minecraft:diamond_pickaxe":204,"minecraft:apple":8,"minecraft:bread":3,"minecraft:iron_pickaxe":188,"minecraft:suspicious_stew":1,"minecraft:stone_axe":1,"minecraft:diamond_sword":43,"travelersbackpack:standard":9,"minecraft:chainmail_boots":1},"minecraft:picked_up":{"irons_spellbooks:scroll":1,"born_in_chaos_v1:diamond_termite_shard":4,"minecraft:crafting_table":5,"minecraft:iron_chestplate":2,"minecraft:suspicious_stew":2,"regions_unexplored:magnolia_log":29,"minecraft:diamond_sword":1,"aether:iron_gloves":3,"minecraft:enchanted_book":1,"minecraft:chain":1,"minecraft:brewing_stand":1,"shieldexp:wooden_shield":1,"minecraft:iron_leggings":1,"minecraft:armor_stand":1,"minecraft:experience_bottle":1,"minecraft:cobbled_deepslate":125,"minecraft:spruce_planks":2,"born_in_chaos_v1:gnawed_bones":1,"minecraft:iron_nugget":7,"minecraft:enchanted_golden_apple":64,"minecraft:diamond_hoe":1,"globalxp:xp_block":1,"minecraft:spruce_trapdoor":2,"minecraft:iron_boots":1,"minecraft:tipped_arrow":3,"minecraft:stick":2,"minecraft:copper_ingot":5,"minecraft:bowl":3,"minecraft:spruce_stairs":1,"tombstone:grave_dust":13,"regions_unexplored:pink_magnolia_sapling":1,"minecraft:tnt":2,"minecraft:arrow":9,"minecraft:rotten_flesh":13,"minecraft:nether_bricks":141,"minecraft:gold_ingot":3,"minecraft:iron_bars":4,"regions_unexplored:magnolia_sapling":1,"minecraft:cobblestone":3,"quark:crab_leg":1,"born_in_chaos_v1:corpse_maggot":2,"minecraft:cooked_beef":3,"minecraft:potato":2,"minecraft:tuff":15,"securitycraft:keypad_chest":2,"minecraft:nether_wart_block":1,"minecraft:gunpowder":1,"minecraft:dirt":1,"tombstone:familiar_receptacle":1,"minecraft:cooked_mutton":2,"minecraft:stripped_bamboo_block":2,"minecraft:bone":14,"irons_spellbooks:iron_spell_book":1,"minecraft:wheat_seeds":12,"mca:rose_gold_ingot":1,"minecraft:iron_sword":2,"irons_spellbooks:frozen_bone":21,"farmersdelight:steak_and_potatoes":1,"born_in_chaos_v1:ethereal_spirit":4,"minecraft:gravel":1,"minecraft:spruce_log":2,"travelersbackpack:standard":1,"minecraft:diamond":13,"minecraft:iron_helmet":2,"minecraft:golden_apple":2,"alexsmobs:maggot":2,"tombstone:magic_scroll":1,"minecraft:bricks":1,"minecraft:ender_pearl":3,"minecraft:diamond_pickaxe":1},"minecraft:crafted":{"minecraft:stone_pickaxe":1,"regions_unexplored:magnolia_planks":52,"minecraft:crafting_table":1,"minecraft:wooden_pickaxe":1,"minecraft:bread":1,"minecraft:stick":14,"shieldexp:wooden_shield":1,"minecraft:iron_pickaxe":1,"minecraft:wooden_axe":1,"minecraft:diamond_chestplate":1},"minecraft:broken":{"minecraft:iron_boots":1,"minecraft:iron_leggings":1,"shieldexp:wooden_shield":1,"minecraft:iron_helmet":1},"minecraft:mined":{"minecraft:deepslate_tiles":1,"minecraft:tuff":18,"minecraft:mossy_cobblestone":7,"minecraft:deepslate_diamond_ore":11,"regions_unexplored:magnolia_log":29,"minecraft:brewing_stand":1,"born_in_chaos_v1:infected_diamond_ore":3,"minecraft:nether_bricks":4,"minecraft:grass_block":1,"minecraft:deepslate_bricks":4,"minecraft:spawner":30,"minecraft:mossy_cobblestone_stairs":2,"minecraft:cobbled_deepslate":11,"minecraft:andesite":1,"minecraft:deepslate_lapis_ore":3,"minecraft:mossy_stone_brick_stairs":1,"minecraft:vine":13,"minecraft:iron_bars":16,"minecraft:stone":3,"minecraft:deepslate_redstone_ore":5,"minecraft:crafting_table":6,"regions_unexplored:pink_magnolia_leaves":1,"minecraft:bricks":1,"minecraft:iron_door":1,"minecraft:nether_wart_block":1,"minecraft:stone_brick_stairs":1,"minecraft:tnt":1,"minecraft:grass":1,"minecraft:gravel":11,"minecraft:netherrack":1,"minecraft:mossy_stone_bricks":2,"minecraft:deepslate":270},"minecraft:dropped":{"minecraft:iron_sword":1,"minecraft:brown_mushroom":4,"minecraft:wheat_seeds":12,"minecraft:cooked_beef":3,"minecraft:tnt":2,"minecraft:diamond":5,"minecraft:iron_helmet":1,"minecraft:copper_ingot":5,"minecraft:golden_apple":3,"minecraft:stick":6,"minecraft:torch":6,"tombstone:grave_key":1,"minecraft:nether_wart_block":1,"tombstone:grave_dust":13,"shieldexp:wooden_shield":1,"minecraft:iron_pickaxe":1,"irons_spellbooks:frozen_bone":18,"tombstone:familiar_receptacle":1,"minecraft:bone":1,"minecraft:gravel":1,"minecraft:bricks":1,"alexsmobs:maggot":2,"minecraft:iron_nugget":7,"minecraft:cobbled_deepslate":125,"minecraft:bowl":1,"minecraft:tuff":15,"minecraft:rotten_flesh":9,"minecraft:enchanted_golden_apple":3,"minecraft:cooked_mutton":1,"minecraft:nether_bricks":96,"minecraft:shield":1,"minecraft:gunpowder":1,"aether:iron_gloves":2,"aether:diamond_gloves":1,"minecraft:spruce_planks":13,"minecraft:iron_chestplate":1,"minecraft:chainmail_boots":1,"minecraft:arrow":1,"minecraft:stone_pickaxe":1,"minecraft:wooden_pickaxe":1},"minecraft:custom":{"minecraft:mob_kills":67,"minecraft:interact_with_anvil":1,"minecraft:interact_with_crafting_table":12,"minecraft:open_barrel":12,"minecraft:leave_game":1,"minecraft:time_since_death":47636,"minecraft:climb_one_cm":19006,"minecraft:damage_resisted":1653,"minecraft:sprint_one_cm":494157,"minecraft:walk_one_cm":265881,"minecraft:damage_blocked_by_shield":195,"minecraft:drop":74,"minecraft:play_time":96804,"minecraft:deaths":4,"minecraft:sneak_time":9506,"minecraft:walk_under_water_one_cm":330,"minecraft:jump":1114,"minecraft:interact_with_brewingstand":1,"minecraft:interact_with_blast_furnace":1,"minecraft:walk_on_water_one_cm":6652,"minecraft:total_world_time":96804,"minecraft:interact_with_furnace":4,"minecraft:time_since_rest":45350,"minecraft:damage_taken":6486,"minecraft:damage_absorbed":2456,"minecraft:damage_dealt":13909,"minecraft:swim_one_cm":850,"minecraft:fly_one_cm":150750,"minecraft:open_chest":131,"minecraft:crouch_one_cm":23207,"tombstone:undead_killed":49,"minecraft:fall_one_cm":31281}},"DataVersion":3465}