{"stats":{"minecraft:killed":{"born_in_chaos_v1:diamond_termite":4,"born_in_chaos_v1:restless_spirit":2,"enemyexpansion:sprinter":2,"born_in_chaos_v1:maggot":2,"born_in_chaos_v1:decrepit_skeleton":2,"minecraft:skeleton":5,"minecraft:zombie":8,"born_in_chaos_v1:dread_hound":1,"minecraft:bee":1,"born_in_chaos_v1:corpse_fly":2,"minecraft:stray":12,"enemyexpansion:huntsman":1,"enemyexpansion:goblin":1},"minecraft:used":{"minecraft:cooked_mutton":1,"minecraft:stone_pickaxe":16,"minecraft:baked_potato":1,"minecraft:shield":1,"minecraft:wooden_pickaxe":3,"minecraft:iron_sword":173,"minecraft:dirt":1,"minecraft:tnt":2,"minecraft:crafting_table":6,"farmersdelight:steak_and_potatoes":1,"minecraft:diamond_pickaxe":38,"minecraft:wooden_axe":10,"shieldexp:wooden_shield":1,"minecraft:apple":8,"minecraft:iron_pickaxe":188,"minecraft:bread":2,"minecraft:suspicious_stew":1,"minecraft:stone_axe":1,"travelersbackpack:standard":8,"minecraft:chainmail_boots":1,"minecraft:cooked_beef":14,"minecraft:cobbled_deepslate":3,"minecraft:enchanted_golden_apple":6},"minecraft:picked_up":{"born_in_chaos_v1:diamond_termite_shard":4,"born_in_chaos_v1:corpse_maggot":2,"quark:crab_leg":1,"minecraft:iron_chestplate":2,"minecraft:crafting_table":5,"minecraft:cooked_beef":3,"minecraft:suspicious_stew":2,"regions_unexplored:magnolia_log":29,"aether:iron_gloves":3,"minecraft:potato":2,"minecraft:chain":1,"minecraft:brewing_stand":1,"securitycraft:keypad_chest":2,"minecraft:dirt":1,"shieldexp:wooden_shield":1,"minecraft:iron_leggings":1,"minecraft:cooked_mutton":2,"minecraft:armor_stand":1,"minecraft:stripped_bamboo_block":2,"irons_spellbooks:iron_spell_book":1,"minecraft:experience_bottle":1,"minecraft:bone":8,"minecraft:wheat_seeds":12,"mca:rose_gold_ingot":1,"minecraft:cobbled_deepslate":109,"minecraft:spruce_planks":2,"born_in_chaos_v1:gnawed_bones":1,"minecraft:iron_nugget":7,"minecraft:enchanted_golden_apple":64,"minecraft:spruce_trapdoor":2,"minecraft:iron_sword":2,"globalxp:xp_block":1,"minecraft:diamond_hoe":1,"minecraft:iron_boots":1,"minecraft:tipped_arrow":1,"minecraft:stick":2,"irons_spellbooks:frozen_bone":7,"farmersdelight:steak_and_potatoes":1,"minecraft:bowl":3,"born_in_chaos_v1:ethereal_spirit":4,"minecraft:spruce_stairs":1,"minecraft:gravel":1,"tombstone:grave_dust":9,"minecraft:spruce_log":2,"regions_unexplored:pink_magnolia_sapling":1,"minecraft:tnt":2,"travelersbackpack:standard":1,"minecraft:arrow":8,"minecraft:rotten_flesh":11,"minecraft:diamond":13,"minecraft:iron_helmet":2,"minecraft:gold_ingot":3,"alexsmobs:maggot":2,"tombstone:magic_scroll":1,"minecraft:iron_bars":2,"minecraft:bricks":1,"regions_unexplored:magnolia_sapling":1,"minecraft:diamond_pickaxe":1,"minecraft:cobblestone":3,"minecraft:ender_pearl":3},"minecraft:crafted":{"minecraft:crafting_table":1,"minecraft:wooden_pickaxe":1,"minecraft:bread":1,"minecraft:stick":14,"shieldexp:wooden_shield":1,"minecraft:iron_pickaxe":1,"minecraft:stone_pickaxe":1,"minecraft:wooden_axe":1,"regions_unexplored:magnolia_planks":52,"minecraft:diamond_chestplate":1},"minecraft:broken":{"shieldexp:wooden_shield":1},"minecraft:mined":{"minecraft:deepslate_tiles":1,"minecraft:deepslate_redstone_ore":5,"minecraft:tuff":1,"minecraft:deepslate_diamond_ore":11,"regions_unexplored:magnolia_log":29,"minecraft:brewing_stand":1,"born_in_chaos_v1:infected_diamond_ore":3,"minecraft:crafting_table":6,"minecraft:grass_block":1,"regions_unexplored:pink_magnolia_leaves":1,"minecraft:deepslate_bricks":4,"minecraft:bricks":1,"minecraft:spawner":13,"minecraft:cobbled_deepslate":9,"minecraft:deepslate_lapis_ore":3,"minecraft:tnt":1,"minecraft:grass":1,"minecraft:iron_bars":7,"minecraft:gravel":11,"minecraft:stone":3,"minecraft:deepslate":179},"minecraft:dropped":{"minecraft:iron_sword":1,"minecraft:brown_mushroom":4,"minecraft:wheat_seeds":12,"minecraft:iron_nugget":7,"minecraft:cooked_beef":3,"minecraft:cobbled_deepslate":49,"minecraft:tnt":1,"minecraft:diamond":5,"minecraft:bowl":1,"minecraft:rotten_flesh":7,"minecraft:enchanted_golden_apple":1,"minecraft:cooked_mutton":1,"minecraft:golden_apple":1,"minecraft:stick":6,"aether:iron_gloves":2,"minecraft:torch":6,"minecraft:spruce_planks":13,"tombstone:grave_key":1,"minecraft:iron_chestplate":1,"tombstone:grave_dust":9,"minecraft:chainmail_boots":1,"shieldexp:wooden_shield":1,"minecraft:arrow":1,"minecraft:stone_pickaxe":1,"irons_spellbooks:frozen_bone":4,"minecraft:bone":1},"minecraft:custom":{"minecraft:interact_with_furnace":4,"minecraft:mob_kills":44,"minecraft:interact_with_anvil":1,"minecraft:interact_with_crafting_table":12,"minecraft:open_barrel":12,"minecraft:time_since_death":24062,"minecraft:damage_resisted":706,"minecraft:climb_one_cm":230,"minecraft:time_since_rest":21776,"minecraft:sprint_one_cm":353984,"minecraft:walk_one_cm":199567,"minecraft:damage_taken":4553,"minecraft:damage_absorbed":950,"minecraft:damage_blocked_by_shield":195,"minecraft:drop":43,"minecraft:damage_dealt":8950,"minecraft:swim_one_cm":850,"minecraft:fly_one_cm":138766,"minecraft:open_chest":56,"minecraft:crouch_one_cm":18592,"minecraft:play_time":73230,"tombstone:undead_killed":30,"minecraft:deaths":4,"minecraft:sneak_time":6700,"minecraft:walk_under_water_one_cm":330,"minecraft:interact_with_brewingstand":1,"minecraft:jump":951,"minecraft:interact_with_blast_furnace":1,"minecraft:walk_on_water_one_cm":3776,"minecraft:total_world_time":73230,"minecraft:fall_one_cm":28878}},"DataVersion":3465}