{"stats":{"minecraft:killed":{"born_in_chaos_v1:restless_spirit":2,"enemyexpansion:sprinter":1,"born_in_chaos_v1:decrepit_skeleton":2,"minecraft:skeleton":4,"minecraft:zombie":4,"minecraft:bee":1,"born_in_chaos_v1:corpse_fly":1,"enemyexpansion:huntsman":1,"enemyexpansion:goblin":1},"minecraft:used":{"minecraft:cooked_mutton":1,"minecraft:stone_pickaxe":11,"minecraft:baked_potato":1,"minecraft:shield":1,"minecraft:wooden_pickaxe":3,"minecraft:iron_sword":83,"minecraft:dirt":1,"minecraft:crafting_table":4,"farmersdelight:steak_and_potatoes":1,"minecraft:wooden_axe":9,"shieldexp:wooden_shield":1,"minecraft:apple":5,"minecraft:bread":2,"minecraft:suspicious_stew":1,"travelersbackpack:standard":4,"minecraft:cooked_beef":1,"minecraft:enchanted_golden_apple":3},"minecraft:picked_up":{"born_in_chaos_v1:corpse_maggot":2,"quark:crab_leg":1,"minecraft:iron_chestplate":2,"minecraft:crafting_table":4,"minecraft:suspicious_stew":2,"regions_unexplored:magnolia_log":29,"aether:iron_gloves":3,"minecraft:potato":2,"minecraft:chain":1,"minecraft:brewing_stand":1,"securitycraft:keypad_chest":2,"minecraft:dirt":1,"shieldexp:wooden_shield":1,"minecraft:iron_leggings":1,"minecraft:cooked_mutton":2,"minecraft:armor_stand":1,"minecraft:stripped_bamboo_block":2,"irons_spellbooks:iron_spell_book":1,"minecraft:experience_bottle":1,"minecraft:bone":8,"minecraft:wheat_seeds":12,"mca:rose_gold_ingot":1,"minecraft:spruce_planks":2,"minecraft:enchanted_golden_apple":64,"minecraft:spruce_trapdoor":2,"minecraft:iron_sword":1,"globalxp:xp_block":1,"minecraft:diamond_hoe":1,"minecraft:iron_boots":1,"farmersdelight:steak_and_potatoes":1,"minecraft:bowl":3,"born_in_chaos_v1:ethereal_spirit":4,"minecraft:spruce_stairs":1,"minecraft:gravel":1,"minecraft:spruce_log":2,"regions_unexplored:pink_magnolia_sapling":1,"travelersbackpack:standard":1,"minecraft:arrow":5,"minecraft:rotten_flesh":9,"minecraft:iron_helmet":2,"minecraft:gold_ingot":3,"alexsmobs:maggot":2,"minecraft:iron_bars":2,"minecraft:bricks":1,"regions_unexplored:magnolia_sapling":1,"minecraft:cobblestone":3,"minecraft:ender_pearl":3},"minecraft:crafted":{"minecraft:crafting_table":1,"minecraft:wooden_pickaxe":1,"minecraft:bread":1,"minecraft:stick":12,"shieldexp:wooden_shield":1,"minecraft:stone_pickaxe":1,"minecraft:wooden_axe":1,"regions_unexplored:magnolia_planks":52},"minecraft:broken":{"shieldexp:wooden_shield":1},"minecraft:mined":{"regions_unexplored:magnolia_log":29,"minecraft:brewing_stand":1,"minecraft:crafting_table":4,"minecraft:grass_block":1,"regions_unexplored:pink_magnolia_leaves":1,"minecraft:bricks":1,"minecraft:spawner":5,"minecraft:grass":1,"minecraft:iron_bars":4,"minecraft:stone":3},"minecraft:dropped":{"minecraft:wheat_seeds":12,"minecraft:cooked_beef":2,"minecraft:bowl":1,"minecraft:rotten_flesh":1,"minecraft:enchanted_golden_apple":1,"minecraft:cooked_mutton":1,"minecraft:stick":2,"aether:iron_gloves":2,"minecraft:bone":1},"minecraft:custom":{"minecraft:mob_kills":17,"minecraft:interact_with_anvil":1,"minecraft:interact_with_crafting_table":7,"minecraft:open_barrel":12,"minecraft:time_since_death":5363,"minecraft:damage_resisted":359,"minecraft:climb_one_cm":230,"minecraft:time_since_rest":5231,"minecraft:sprint_one_cm":122580,"minecraft:walk_one_cm":105193,"minecraft:damage_taken":2297,"minecraft:damage_absorbed":470,"minecraft:damage_blocked_by_shield":195,"minecraft:drop":15,"minecraft:damage_dealt":4399,"minecraft:fly_one_cm":117494,"minecraft:open_chest":21,"minecraft:crouch_one_cm":3825,"minecraft:play_time":37230,"tombstone:undead_killed":12,"minecraft:deaths":2,"minecraft:sneak_time":1148,"minecraft:interact_with_brewingstand":1,"minecraft:jump":708,"minecraft:interact_with_blast_furnace":1,"minecraft:walk_on_water_one_cm":656,"minecraft:total_world_time":37230,"minecraft:fall_one_cm":23335}},"DataVersion":3465}