{"stats":{"minecraft:killed":{"minecraft:zombie":1,"minecraft:bee":1,"born_in_chaos_v1:restless_spirit":2,"enemyexpansion:huntsman":1,"enemyexpansion:sprinter":1,"enemyexpansion:goblin":1,"born_in_chaos_v1:decrepit_skeleton":1},"minecraft:used":{"minecraft:cooked_mutton":1,"minecraft:wooden_axe":2,"minecraft:suspicious_stew":1,"minecraft:wooden_pickaxe":3,"minecraft:iron_sword":36,"travelersbackpack:standard":1,"minecraft:crafting_table":2,"farmersdelight:steak_and_potatoes":1,"minecraft:enchanted_golden_apple":2},"minecraft:picked_up":{"quark:crab_leg":1,"minecraft:crafting_table":2,"minecraft:iron_chestplate":2,"farmersdelight:steak_and_potatoes":1,"minecraft:suspicious_stew":2,"regions_unexplored:magnolia_log":26,"born_in_chaos_v1:ethereal_spirit":4,"minecraft:bowl":3,"aether:iron_gloves":3,"minecraft:potato":2,"minecraft:chain":1,"securitycraft:keypad_chest":2,"regions_unexplored:pink_magnolia_sapling":1,"minecraft:bone":3,"shieldexp:wooden_shield":1,"minecraft:stripped_bamboo_block":2,"minecraft:armor_stand":1,"minecraft:iron_leggings":1,"travelersbackpack:standard":1,"minecraft:cooked_mutton":2,"minecraft:experience_bottle":1,"irons_spellbooks:iron_spell_book":1,"minecraft:rotten_flesh":6,"mca:rose_gold_ingot":1,"minecraft:wheat_seeds":9,"minecraft:iron_helmet":2,"minecraft:gold_ingot":3,"minecraft:enchanted_golden_apple":64,"alexsmobs:maggot":2,"minecraft:cobblestone":3,"regions_unexplored:magnolia_sapling":1,"minecraft:iron_sword":1,"globalxp:xp_block":1,"minecraft:diamond_hoe":1,"minecraft:iron_boots":1,"minecraft:ender_pearl":3},"minecraft:crafted":{"minecraft:crafting_table":1,"minecraft:stick":8,"minecraft:stone_pickaxe":1,"minecraft:wooden_pickaxe":1,"minecraft:wooden_axe":1,"regions_unexplored:magnolia_planks":52},"minecraft:mined":{"regions_unexplored:magnolia_log":26,"minecraft:crafting_table":2,"minecraft:stone":3},"minecraft:dropped":{"minecraft:wheat_seeds":6,"aether:iron_gloves":2,"minecraft:bowl":1,"minecraft:rotten_flesh":1,"minecraft:enchanted_golden_apple":1,"minecraft:cooked_mutton":1,"minecraft:stick":2,"minecraft:bone":1},"minecraft:custom":{"minecraft:time_since_rest":17451,"minecraft:sprint_one_cm":58471,"minecraft:damage_absorbed":310,"minecraft:damage_taken":1438,"minecraft:walk_one_cm":67516,"minecraft:interact_with_anvil":1,"minecraft:mob_kills":8,"minecraft:drop":11,"minecraft:damage_dealt":2148,"minecraft:open_barrel":12,"minecraft:interact_with_crafting_table":5,"minecraft:fly_one_cm":97265,"minecraft:open_chest":7,"tombstone:undead_killed":4,"minecraft:crouch_one_cm":3049,"minecraft:play_time":25230,"minecraft:deaths":1,"minecraft:sneak_time":794,"minecraft:jump":548,"minecraft:interact_with_blast_furnace":1,"minecraft:climb_one_cm":230,"minecraft:walk_on_water_one_cm":516,"minecraft:time_since_death":18062,"minecraft:total_world_time":25230,"minecraft:damage_resisted":159,"minecraft:fall_one_cm":20046}},"DataVersion":3465}