{"stats":{"minecraft:killed":{"born_in_chaos_v1:restless_spirit":2,"enemyexpansion:sprinter":2,"born_in_chaos_v1:decrepit_skeleton":2,"minecraft:skeleton":4,"minecraft:zombie":7,"born_in_chaos_v1:dread_hound":1,"minecraft:bee":1,"born_in_chaos_v1:corpse_fly":1,"minecraft:stray":6,"enemyexpansion:huntsman":1,"enemyexpansion:goblin":1},"minecraft:used":{"minecraft:cooked_mutton":1,"minecraft:stone_pickaxe":16,"minecraft:baked_potato":1,"minecraft:shield":1,"minecraft:wooden_pickaxe":3,"minecraft:iron_sword":116,"minecraft:dirt":1,"minecraft:crafting_table":5,"farmersdelight:steak_and_potatoes":1,"minecraft:wooden_axe":10,"shieldexp:wooden_shield":1,"minecraft:apple":8,"minecraft:iron_pickaxe":3,"minecraft:bread":2,"minecraft:suspicious_stew":1,"travelersbackpack:standard":6,"minecraft:cooked_beef":2,"minecraft:enchanted_golden_apple":4},"minecraft:picked_up":{"born_in_chaos_v1:corpse_maggot":2,"quark:crab_leg":1,"minecraft:iron_chestplate":2,"minecraft:crafting_table":5,"minecraft:suspicious_stew":2,"regions_unexplored:magnolia_log":29,"aether:iron_gloves":3,"minecraft:potato":2,"minecraft:chain":1,"minecraft:brewing_stand":1,"securitycraft:keypad_chest":2,"minecraft:dirt":1,"shieldexp:wooden_shield":1,"minecraft:iron_leggings":1,"minecraft:cooked_mutton":2,"minecraft:armor_stand":1,"minecraft:stripped_bamboo_block":2,"irons_spellbooks:iron_spell_book":1,"minecraft:experience_bottle":1,"minecraft:bone":8,"minecraft:wheat_seeds":12,"mca:rose_gold_ingot":1,"minecraft:spruce_planks":2,"born_in_chaos_v1:gnawed_bones":1,"minecraft:iron_nugget":7,"minecraft:enchanted_golden_apple":64,"minecraft:spruce_trapdoor":2,"minecraft:iron_sword":1,"globalxp:xp_block":1,"minecraft:diamond_hoe":1,"minecraft:iron_boots":1,"minecraft:stick":2,"farmersdelight:steak_and_potatoes":1,"minecraft:bowl":3,"born_in_chaos_v1:ethereal_spirit":4,"minecraft:spruce_stairs":1,"minecraft:gravel":1,"tombstone:grave_dust":3,"minecraft:spruce_log":2,"regions_unexplored:pink_magnolia_sapling":1,"travelersbackpack:standard":1,"minecraft:arrow":5,"minecraft:rotten_flesh":11,"minecraft:iron_helmet":2,"minecraft:gold_ingot":3,"alexsmobs:maggot":2,"tombstone:magic_scroll":1,"minecraft:iron_bars":2,"minecraft:bricks":1,"regions_unexplored:magnolia_sapling":1,"minecraft:cobblestone":3,"minecraft:ender_pearl":3},"minecraft:crafted":{"minecraft:crafting_table":1,"minecraft:wooden_pickaxe":1,"minecraft:bread":1,"minecraft:stick":14,"shieldexp:wooden_shield":1,"minecraft:iron_pickaxe":1,"minecraft:stone_pickaxe":1,"minecraft:wooden_axe":1,"regions_unexplored:magnolia_planks":52},"minecraft:broken":{"shieldexp:wooden_shield":1},"minecraft:mined":{"regions_unexplored:magnolia_log":29,"minecraft:brewing_stand":1,"minecraft:crafting_table":5,"minecraft:grass_block":1,"regions_unexplored:pink_magnolia_leaves":1,"minecraft:bricks":1,"minecraft:spawner":10,"minecraft:grass":1,"minecraft:iron_bars":7,"minecraft:stone":3},"minecraft:dropped":{"minecraft:brown_mushroom":4,"minecraft:wheat_seeds":12,"minecraft:iron_nugget":7,"minecraft:cooked_beef":2,"minecraft:bowl":1,"minecraft:rotten_flesh":7,"minecraft:enchanted_golden_apple":1,"minecraft:cooked_mutton":1,"minecraft:stick":6,"aether:iron_gloves":2,"minecraft:torch":6,"minecraft:spruce_planks":13,"minecraft:stone_pickaxe":1,"minecraft:bone":1},"minecraft:custom":{"minecraft:mob_kills":28,"minecraft:interact_with_anvil":1,"minecraft:interact_with_crafting_table":9,"minecraft:open_barrel":12,"minecraft:time_since_death":11363,"minecraft:damage_resisted":401,"minecraft:climb_one_cm":230,"minecraft:time_since_rest":11231,"minecraft:sprint_one_cm":171250,"minecraft:walk_one_cm":124373,"minecraft:damage_taken":2545,"minecraft:damage_absorbed":630,"minecraft:damage_blocked_by_shield":195,"minecraft:drop":24,"minecraft:damage_dealt":6168,"minecraft:fly_one_cm":121692,"minecraft:open_chest":42,"minecraft:crouch_one_cm":4855,"minecraft:play_time":43230,"tombstone:undead_killed":22,"minecraft:deaths":2,"minecraft:sneak_time":1438,"minecraft:interact_with_brewingstand":1,"minecraft:jump":757,"minecraft:interact_with_blast_furnace":1,"minecraft:walk_on_water_one_cm":2872,"minecraft:total_world_time":43230,"minecraft:fall_one_cm":26241}},"DataVersion":3465}