{
  "create:root": {
    "criteria": {
      "0": "2024-06-21 01:10:25 +0000"
    },
    "done": true
  },
  "travelersbackpack:standard_from_custom": {
    "criteria": {
      "has_the_recipe": "2024-06-21 01:10:25 +0000"
    },
    "done": true
  },
  "farmersdelight:main/root": {
    "criteria": {
      "seeds": "2024-06-21 01:10:25 +0000"
    },
    "done": true
  },
  "bakery:main/root": {
    "criteria": {
      "seeds": "2024-06-21 01:10:25 +0000"
    },
    "done": true
  },
  "mca:recipes/building_blocks/headstones": {
    "criteria": {
      "has_the_slanted_recipe": "2024-06-21 01:10:25 +0000"
    },
    "done": true
  },
  "morevillagers:root": {
    "criteria": {
      "always": "2024-06-21 01:10:26 +0000"
    },
    "done": true
  },
  "knize1007:root": {
    "criteria": {
      "tick": "2024-06-21 01:10:26 +0000"
    },
    "done": true
  },
  "choups_drakvyrn_mod:choups_drakvyrn_mod_advancement": {
    "criteria": {
      "choups_drakvyrn_mod_advancement_0": "2024-06-21 01:10:26 +0000"
    },
    "done": true
  },
  "stellarity:cursed_tome/root": {
    "criteria": {
      "requirement": "2024-06-21 01:10:26 +0000"
    },
    "done": true
  },
  "cataclysm:root": {
    "criteria": {
      "custom_test_name": "2024-06-21 01:10:26 +0000"
    },
    "done": true
  },
  "irons_spellbooks:grant_patchouli": {
    "criteria": {
      "tick": "2024-06-21 01:10:26 +0000"
    },
    "done": true
  },
  "incendium:technical/new_player": {
    "criteria": {
      "requirement": "2024-06-21 01:10:26 +0000"
    },
    "done": true
  },
  "stellarity:dragons_den/cursed_tome/root": {
    "criteria": {
      "requirement": "2024-06-21 01:10:26 +0000"
    },
    "done": true
  },
  "knize1007:hostilemobs": {
    "criteria": {
      "tick": "2024-06-21 01:10:26 +0000"
    },
    "done": true
  },
  "dungeons_arise:wda_root": {
    "criteria": {
      "WDA": "2024-06-21 01:10:26 +0000"
    },
    "done": true
  },
  "born_in_chaos_v1:bornin_chaos": {
    "criteria": {
      "bornin_chaos_0": "2024-06-21 01:10:26 +0000"
    },
    "done": true
  },
  "immersivecaves:immersive_caves": {
    "criteria": {
      "immersive_caves_0": "2024-06-21 01:10:26 +0000"
    },
    "done": true
  },
  "incendium:technical/scroll_of_returning": {
    "criteria": {
      "log_spam_fixer": "2024-06-21 01:10:27 +0000"
    },
    "done": false
  },
  "incendium:technical/using/ragnarok": {
    "criteria": {
      "log_spam_fixer": "2024-06-21 01:10:27 +0000"
    },
    "done": false
  },
  "regions_unexplored:regions_explored": {
    "criteria": {
      "shrubland": "2024-06-22 20:21:39 +0000",
      "redstone_abyss": "2024-06-22 21:34:45 +0000",
      "autumnal_maple_forest": "2024-06-22 20:21:50 +0000",
      "muddy_river": "2024-06-22 20:26:40 +0000",
      "willow_forest": "2024-06-21 02:50:26 +0000",
      "scorching_caves": "2024-06-21 03:34:24 +0000",
      "grassy_beach": "2024-06-22 21:17:48 +0000",
      "blackwood_taiga": "2024-06-21 01:16:39 +0000",
      "mycotoxic_undergrowth": "2024-06-22 22:13:27 +0000",
      "maple_forest": "2024-06-22 20:22:50 +0000",
      "magnolia_highlands": "2024-06-21 01:10:27 +0000",
      "deciduous_forest": "2024-06-22 21:17:19 +0000",
      "boreal_forest": "2024-06-22 20:25:00 +0000",
      "blackstone_basin": "2024-06-22 22:13:29 +0000",
      "bamboo_forest": "2024-06-22 21:15:33 +0000",
      "temperate_grove": "2024-06-22 22:37:44 +0000",
      "grassland": "2024-06-22 21:17:27 +0000",
      "prairie": "2024-06-22 21:18:01 +0000",
      "redwoods": "2024-06-22 21:15:51 +0000"
    },
    "done": false
  },
  "regions_unexplored:pioneer": {
    "criteria": {
      "shrubland": "2024-06-22 20:21:39 +0000",
      "autumnal_maple_forest": "2024-06-22 20:21:50 +0000",
      "muddy_river": "2024-06-22 20:26:40 +0000",
      "willow_forest": "2024-06-21 02:50:26 +0000",
      "grassy_beach": "2024-06-22 21:17:48 +0000",
      "blackwood_taiga": "2024-06-21 01:16:39 +0000",
      "maple_forest": "2024-06-22 20:22:50 +0000",
      "magnolia_highlands": "2024-06-21 01:10:27 +0000",
      "deciduous_forest": "2024-06-22 21:17:19 +0000",
      "boreal_forest": "2024-06-22 20:25:00 +0000",
      "bamboo_forest": "2024-06-22 21:15:33 +0000",
      "temperate_grove": "2024-06-22 22:37:44 +0000",
      "grassland": "2024-06-22 21:17:27 +0000",
      "prairie": "2024-06-22 21:18:01 +0000",
      "redwoods": "2024-06-22 21:15:51 +0000"
    },
    "done": false
  },
  "incendium:technical/using/trailblazer": {
    "criteria": {
      "log_spam_fixer": "2024-06-21 01:10:27 +0000"
    },
    "done": false
  },
  "incendium:technical/using/shield": {
    "criteria": {
      "log_spam_fixer": "2024-06-21 01:10:27 +0000"
    },
    "done": false
  },
  "tombstone:adventure/root": {
    "criteria": {
      "auto": "2024-06-21 01:10:27 +0000"
    },
    "done": true
  },
  "regions_unexplored:parent": {
    "criteria": {
      "load_in_world": "2024-06-21 01:10:27 +0000"
    },
    "done": true
  },
  "dungeons_arise:find_bathhouse": {
    "criteria": {
      "location0": "2024-06-21 01:16:39 +0000"
    },
    "done": true
  },
  "morevillagers:first_village": {
    "criteria": {
      "taiga": "2024-06-21 01:16:51 +0000"
    },
    "done": true
  },
  "morevillagers:all_villages": {
    "criteria": {
      "taiga": "2024-06-21 01:16:51 +0000",
      "plains": "2024-06-22 21:42:39 +0000",
      "savanna": "2024-06-22 21:18:42 +0000"
    },
    "done": false
  },
  "mca:root": {
    "criteria": {
      "village_taiga": "2024-06-21 01:16:51 +0000"
    },
    "done": true
  },
  "alexsmobs:alexsmobs/root": {
    "criteria": {
      "useitem": "2024-06-21 01:16:56 +0000"
    },
    "done": true
  },
  "minecraft:husbandry/root": {
    "criteria": {
      "consumed_item": "2024-06-21 01:16:56 +0000"
    },
    "done": true
  },
  "blue_skies:everdawn/think_different": {
    "criteria": {
      "have_sword": "2024-06-21 01:21:17 +0000"
    },
    "done": true
  },
  "irons_spellbooks:irons_spellbooks/spell_book_diamond": {
    "criteria": {
      "requirement": "2024-06-21 01:27:48 +0000"
    },
    "done": true
  },
  "artifacts:amateur_archaeologist": {
    "criteria": {
      "find_artifact": "2024-06-21 01:33:23 +0000"
    },
    "done": true
  },
  "irons_spellbooks:irons_spellbooks/ink_root": {
    "criteria": {
      "requirement": "2024-06-21 02:34:24 +0000"
    },
    "done": true
  },
  "irons_spellbooks:irons_spellbooks/ink_legendary": {
    "criteria": {
      "requirement": "2024-06-21 02:34:24 +0000"
    },
    "done": true
  },
  "alexscaves:alexscaves/nuclear_bomb": {
    "criteria": {
      "nuclear_bomb": "2024-06-21 02:37:04 +0000"
    },
    "done": true
  },
  "regions_unexplored:got_wood": {
    "criteria": {
      "magnolia_log": "2024-06-21 02:38:45 +0000",
      "maple_log": "2024-06-22 20:22:33 +0000"
    },
    "done": false
  },
  "minecraft:adventure/kill_all_mobs": {
    "criteria": {
      "minecraft:pillager": "2024-06-22 19:21:35 +0000",
      "minecraft:blaze": "2024-06-22 22:14:04 +0000",
      "minecraft:skeleton": "2024-06-21 03:16:27 +0000",
      "minecraft:zoglin": "2024-06-23 02:33:35 +0000",
      "minecraft:ghast": "2024-06-22 21:35:00 +0000",
      "minecraft:hoglin": "2024-06-22 21:51:17 +0000",
      "minecraft:spider": "2024-06-21 03:01:53 +0000",
      "minecraft:creeper": "2024-06-21 02:46:10 +0000",
      "minecraft:evoker": "2024-06-22 20:38:17 +0000",
      "minecraft:zombified_piglin": "2024-06-22 22:30:05 +0000",
      "minecraft:wither_skeleton": "2024-06-21 03:55:23 +0000",
      "minecraft:stray": "2024-06-21 03:52:01 +0000",
      "minecraft:vex": "2024-06-22 20:38:17 +0000",
      "minecraft:zombie": "2024-06-21 02:38:46 +0000",
      "minecraft:zombie_villager": "2024-06-22 20:51:05 +0000"
    },
    "done": false
  },
  "minecraft:adventure/root": {
    "criteria": {
      "killed_something": "2024-06-21 02:38:46 +0000"
    },
    "done": true
  },
  "minecraft:adventure/kill_a_mob": {
    "criteria": {
      "minecraft:zombie": "2024-06-21 02:38:46 +0000"
    },
    "done": true
  },
  "tombstone:adventure/first_grave": {
    "criteria": {
      "coded_trigger": "2024-06-21 02:40:20 +0000"
    },
    "done": true
  },
  "tombstone:recipes/from_grave_key": {
    "criteria": {
      "has_ingredient": "2024-06-21 02:40:22 +0000"
    },
    "done": true
  },
  "tombstone:adventure/cancel_ghostly_shape": {
    "criteria": {
      "coded_trigger": "2024-06-21 02:41:33 +0000"
    },
    "done": true
  },
  "minecraft:story/obtain_armor": {
    "criteria": {
      "iron_helmet": "2024-06-21 02:46:32 +0000"
    },
    "done": true
  },
  "minecraft:adventure/adventuring_time": {
    "criteria": {
      "minecraft:beach": "2024-06-22 21:18:34 +0000",
      "minecraft:river": "2024-06-21 02:50:09 +0000",
      "minecraft:lukewarm_ocean": "2024-06-22 21:16:10 +0000",
      "minecraft:stony_shore": "2024-06-22 21:16:05 +0000",
      "minecraft:forest": "2024-06-22 21:24:16 +0000",
      "minecraft:jungle": "2024-06-22 21:24:25 +0000",
      "minecraft:deep_lukewarm_ocean": "2024-06-22 21:16:24 +0000",
      "minecraft:savanna": "2024-06-22 21:18:04 +0000",
      "minecraft:plains": "2024-06-22 21:40:27 +0000"
    },
    "done": false
  },
  "stellarity:events/on_death": {
    "criteria": {
      "requirement": "2024-06-21 02:51:25 +0000"
    },
    "done": true
  },
  "minecraft:husbandry/balanced_diet": {
    "criteria": {
      "cooked_porkchop": "2024-06-22 20:21:33 +0000",
      "cooked_beef": "2024-06-21 03:14:49 +0000",
      "baked_potato": "2024-06-21 03:18:05 +0000",
      "suspicious_stew": "2024-06-21 03:16:10 +0000",
      "glow_berries": "2024-06-21 03:44:59 +0000",
      "cooked_chicken": "2024-06-22 22:33:38 +0000",
      "cooked_mutton": "2024-06-21 02:55:54 +0000",
      "apple": "2024-06-21 03:04:05 +0000",
      "cooked_cod": "2024-06-22 22:25:41 +0000",
      "bread": "2024-06-21 03:13:22 +0000",
      "golden_apple": "2024-06-21 03:46:01 +0000",
      "rotten_flesh": "2024-06-21 03:13:17 +0000",
      "golden_carrot": "2024-06-22 20:27:17 +0000",
      "enchanted_golden_apple": "2024-06-21 02:56:25 +0000",
      "carrot": "2024-06-21 03:00:02 +0000"
    },
    "done": false
  },
  "aquamirae:adventure/root": {
    "criteria": {
      "crafting_table": "2024-06-21 02:58:57 +0000"
    },
    "done": true
  },
  "minecraft:story/root": {
    "criteria": {
      "crafting_table": "2024-06-21 02:58:57 +0000"
    },
    "done": true
  },
  "tombstone:adventure/create_magic_scroll": {
    "criteria": {
      "has_magic_scroll": "2024-06-21 02:59:43 +0000"
    },
    "done": true
  },
  "mca:recipes/misc/needle_and_thread": {
    "criteria": {
      "has_item": "2024-06-21 02:59:48 +0000"
    },
    "done": true
  },
  "born_in_chaos_v1:fighting_nightmares": {
    "criteria": {
      "fighting_nightmares_0": "2024-06-21 03:04:37 +0000"
    },
    "done": true
  },
  "mca:recipes/misc/villager_tracker": {
    "criteria": {
      "has_item": "2024-06-21 03:11:10 +0000"
    },
    "done": true
  },
  "mca:recipes/misc/civil_registry": {
    "criteria": {
      "has_item": "2024-06-21 03:11:10 +0000"
    },
    "done": true
  },
  "stellarity:story/obtain_an_ender_pearl": {
    "criteria": {
      "criteria": "2024-06-21 03:11:12 +0000"
    },
    "done": true
  },
  "tombstone:adventure/first_knowledge": {
    "criteria": {
      "coded_trigger": "2024-06-21 03:11:28 +0000"
    },
    "done": true
  },
  "tombstone:adventure/combine_in_inventory": {
    "criteria": {
      "coded_trigger": "2024-06-21 03:11:28 +0000"
    },
    "done": true
  },
  "tombstone:adventure/enchant_grave_key": {
    "criteria": {
      "has_upgraded_grave_key": "2024-06-21 03:11:28 +0000"
    },
    "done": true
  },
  "tombstone:adventure/teleport_to_grave": {
    "criteria": {
      "coded_trigger": "2024-06-21 03:12:21 +0000"
    },
    "done": true
  },
  "mca:recipes/misc/family_tree": {
    "criteria": {
      "has_item": "2024-06-21 03:13:24 +0000"
    },
    "done": true
  },
  "immersive_aircraft:misc/aircraftery": {
    "criteria": {
      "has_item": "2024-06-21 03:13:24 +0000"
    },
    "done": true
  },
  "minecraft:story/smelt_iron": {
    "criteria": {
      "iron": "2024-06-21 03:13:24 +0000"
    },
    "done": true
  },
  "mca:recipes/misc/whistle": {
    "criteria": {
      "has_item": "2024-06-21 03:13:24 +0000"
    },
    "done": true
  },
  "mca:recipes/misc/comb": {
    "criteria": {
      "has_item": "2024-06-21 03:13:24 +0000"
    },
    "done": true
  },
  "man_of_many_planes:misc/expanded_aircraftery": {
    "criteria": {
      "has_item": "2024-06-21 03:13:24 +0000"
    },
    "done": true
  },
  "tombstone:adventure/create_voodoo_poppet": {
    "criteria": {
      "has_voodoo_poppet": "2024-06-21 03:19:53 +0000"
    },
    "done": true
  },
  "tombstone:adventure/enchant_voodoo_poppet": {
    "criteria": {
      "has_enchanted_voodoo_poppet": "2024-06-21 03:19:53 +0000"
    },
    "done": true
  },
  "minecraft:story/mine_stone": {
    "criteria": {
      "get_stone": "2024-06-21 03:21:35 +0000"
    },
    "done": true
  },
  "minecraft:story/upgrade_tools": {
    "criteria": {
      "stone_pickaxe": "2024-06-21 03:22:54 +0000"
    },
    "done": true
  },
  "tombstone:adventure/use_mercy": {
    "criteria": {
      "has_magic_scroll": "2024-06-21 03:25:18 +0000"
    },
    "done": true
  },
  "minecraft:story/iron_tools": {
    "criteria": {
      "iron_pickaxe": "2024-06-21 03:25:32 +0000"
    },
    "done": true
  },
  "minecraft:story/mine_diamond": {
    "criteria": {
      "diamond": "2024-06-21 03:31:48 +0000"
    },
    "done": true
  },
  "regions_unexplored:spelunker": {
    "criteria": {
      "scorching_caves": "2024-06-21 03:34:24 +0000"
    },
    "done": false
  },
  "minecraft:story/shiny_gear": {
    "criteria": {
      "diamond_chestplate": "2024-06-21 03:49:24 +0000"
    },
    "done": true
  },
  "stellarity:dragons_den/cursed_tome/items/unlock_sabrewing": {
    "criteria": {
      "requirement": "2024-06-21 03:53:57 +0000"
    },
    "done": true
  },
  "stellarity:cursed_tome/sabrewing": {
    "criteria": {
      "requirement": "2024-06-21 03:53:57 +0000"
    },
    "done": true
  },
  "tombstone:adventure/find_grave_dust": {
    "criteria": {
      "from_undead": "2024-06-21 03:55:56 +0000"
    },
    "done": true
  },
  "tombstone:recipes/from_grave_dust": {
    "criteria": {
      "has_ingredient": "2024-06-21 03:56:00 +0000"
    },
    "done": true
  },
  "tombstone:adventure/ashes_and_bones": {
    "criteria": {
      "coded_trigger": "2024-06-21 03:57:23 +0000"
    },
    "done": true
  },
  "tombstone:adventure/create_familiar_receptacle": {
    "criteria": {
      "has_familiar_receptacle": "2024-06-21 03:58:09 +0000"
    },
    "done": true
  },
  "enemyexpansion:vampire_slayer": {
    "criteria": {
      "vampire_slayer_0": "2024-06-21 04:00:59 +0000"
    },
    "done": true
  },
  "alexscaves:alexscaves/cave_tablet": {
    "criteria": {
      "cave_tablet": "2024-06-21 04:07:46 +0000"
    },
    "done": true
  },
  "stellarity:cursed_tome/spellbooks/natures_wrath": {
    "criteria": {
      "requirement": "2024-06-22 18:44:13 +0000"
    },
    "done": true
  },
  "irons_spellbooks:irons_spellbooks/spell_book_iron": {
    "criteria": {
      "requirement": "2024-06-22 18:47:56 +0000"
    },
    "done": true
  },
  "minecraft:adventure/sleep_in_bed": {
    "criteria": {
      "slept_in_bed": "2024-06-22 19:09:22 +0000"
    },
    "done": true
  },
  "tombstone:adventure/use_knowledge": {
    "criteria": {
      "coded_trigger": "2024-06-22 19:10:59 +0000"
    },
    "done": true
  },
  "alexsmobs:alexsmobs/grizzly_bear": {
    "criteria": {
      "killed_by": "2024-06-22 19:17:46 +0000"
    },
    "done": true
  },
  "tombstone:adventure/strong_or_careful": {
    "criteria": {
      "coded_trigger": "2024-06-22 19:17:52 +0000"
    },
    "done": true
  },
  "irons_spellbooks:irons_spellbooks/spell_book_equip": {
    "criteria": {
      "requirement": "2024-06-22 19:17:57 +0000"
    },
    "done": true
  },
  "mca:recipes/misc/rose_gold_dust": {
    "criteria": {
      "has_item": "2024-06-22 19:39:15 +0000"
    },
    "done": true
  },
  "knize1007:day10": {
    "criteria": {
      "play25days": "2024-06-22 20:02:03 +0000"
    },
    "done": true
  },
  "born_in_chaos_v1:dark_metallurgy": {
    "criteria": {
      "dark_metallurgy_0": "2024-06-22 20:21:39 +0000"
    },
    "done": true
  },
  "born_in_chaos_v1:double_trouble": {
    "criteria": {
      "double_trouble_0": "2024-06-22 20:26:48 +0000"
    },
    "done": true
  },
  "minecraft:story/form_obsidian": {
    "criteria": {
      "obsidian": "2024-06-22 20:27:07 +0000"
    },
    "done": true
  },
  "tombstone:adventure/bone_crusher": {
    "criteria": {
      "coded_trigger": "2024-06-22 20:42:20 +0000"
    },
    "done": true
  },
  "born_in_chaos_v1:junior_summoner": {
    "criteria": {
      "junior_summoner_0": "2024-06-22 20:42:20 +0000"
    },
    "done": true
  },
  "enemyexpansion:hunted": {
    "criteria": {
      "hunted_0": "2024-06-22 20:42:47 +0000"
    },
    "done": true
  },
  "born_in_chaos_v1:pieceof_chaos": {
    "criteria": {
      "pieceof_chaos_0": "2024-06-22 20:45:31 +0000"
    },
    "done": true
  },
  "create:copper": {
    "criteria": {
      "0": "2024-06-22 21:01:39 +0000"
    },
    "done": true
  },
  "burnt:pyromaniac": {
    "criteria": {
      "pyromaniac_0": "2024-06-22 21:12:42 +0000"
    },
    "done": true
  },
  "biomesoplenty:biomesoplenty/all_biomes": {
    "criteria": {
      "visceral_heap": "2024-06-22 22:28:24 +0000",
      "undergrowth": "2024-06-22 22:16:45 +0000",
      "rainforest": "2024-06-22 21:15:55 +0000"
    },
    "done": false
  },
  "biomesoplenty:biomesoplenty/root": {
    "criteria": {
      "rainforest": "2024-06-22 21:15:55 +0000"
    },
    "done": true
  },
  "irons_spellbooks:irons_spellbooks/root": {
    "criteria": {
      "inscription_table": "2024-06-22 21:27:10 +0000"
    },
    "done": true
  },
  "irons_spellbooks:make_inscription_table": {
    "criteria": {
      "inscription_table": "2024-06-22 21:27:10 +0000"
    },
    "done": true
  },
  "irons_spellbooks:irons_spellbooks/make_inscription_table": {
    "criteria": {
      "inscription_table": "2024-06-22 21:27:10 +0000"
    },
    "done": true
  },
  "mca:recipes/misc/books": {
    "criteria": {
      "has_item": "2024-06-22 21:31:13 +0000"
    },
    "done": true
  },
  "mca:recipes/misc/blueprint": {
    "criteria": {
      "has_item": "2024-06-22 21:31:13 +0000"
    },
    "done": true
  },
  "quark:overlevel_enchant": {
    "criteria": {
      "overlevel_enchant": "2024-06-22 21:32:51 +0000"
    },
    "done": true
  },
  "incendium:root": {
    "criteria": {
      "requirement": "2024-06-22 21:34:11 +0000"
    },
    "done": true
  },
  "minecraft:story/enter_the_nether": {
    "criteria": {
      "entered_nether": "2024-06-22 21:34:11 +0000"
    },
    "done": true
  },
  "minecraft:nether/root": {
    "criteria": {
      "entered_nether": "2024-06-22 21:34:11 +0000"
    },
    "done": true
  },
  "netheroverhaul:bruger_the_burger": {
    "criteria": {
      "bruger_the_burger": "2024-06-22 21:34:11 +0000"
    },
    "done": true
  },
  "minecraft:nether/explore_nether": {
    "criteria": {
      "minecraft:nether_wastes": "2024-06-22 22:27:28 +0000",
      "minecraft:warped_forest": "2024-06-22 21:34:19 +0000"
    },
    "done": false
  },
  "stellarity:nether/a_piece_of_otherworld": {
    "criteria": {
      "criteria": "2024-06-22 21:34:19 +0000"
    },
    "done": true
  },
  "incendium:misc/root": {
    "criteria": {
      "incendium:quartz_flats": "2024-06-22 21:34:31 +0000"
    },
    "done": true
  },
  "incendium:quartz_flats/root": {
    "criteria": {
      "requirement": "2024-06-22 21:34:31 +0000"
    },
    "done": true
  },
  "incendium:misc/soul_searcher": {
    "criteria": {
      "incendium:quartz_flats": "2024-06-22 21:34:31 +0000"
    },
    "done": false
  },
  "regions_unexplored:eternal_expedition": {
    "criteria": {
      "mycotoxic_undergrowth": "2024-06-22 22:13:27 +0000",
      "blackstone_basin": "2024-06-22 22:13:29 +0000",
      "redstone_abyss": "2024-06-22 21:34:45 +0000"
    },
    "done": false
  },
  "minecraft:adventure/totem_of_undying": {
    "criteria": {
      "used_totem": "2024-06-22 21:37:30 +0000"
    },
    "done": true
  },
  "dungeons_arise:find_heavenly_conqueror": {
    "criteria": {
      "location0": "2024-06-22 21:47:18 +0000"
    },
    "done": true
  },
  "knize1007:firework_revenge": {
    "criteria": {
      "pillager": "2024-06-22 21:58:11 +0000"
    },
    "done": true
  },
  "incendium:quartz_flats/floor_is_tears": {
    "criteria": {
      "requirement": "2024-06-22 22:13:09 +0000"
    },
    "done": true
  },
  "minecraft:nether/find_fortress": {
    "criteria": {
      "in_better_fortress": "2024-06-22 22:14:01 +0000"
    },
    "done": true
  },
  "minecraft:nether/obtain_blaze_rod": {
    "criteria": {
      "blaze_rod": "2024-06-22 22:14:05 +0000"
    },
    "done": true
  },
  "alexsmobs:alexsmobs/crimson_mosquito": {
    "criteria": {
      "killed_by": "2024-06-22 22:28:59 +0000"
    },
    "done": true
  },
  "awesomedungeonnether:root": {
    "criteria": {
      "awesomedungeonnether:nth_blaze_tower": "2024-06-22 22:29:30 +0000"
    },
    "done": true
  },
  "awesomedungeonnether:nth_blaze_tower/find_normal": {
    "criteria": {
      "requirement": "2024-06-22 22:29:30 +0000"
    },
    "done": true
  },
  "awesomedungeonnether:nth_accum_quad/find_normal": {
    "criteria": {
      "requirement": "2024-06-22 22:33:45 +0000"
    },
    "done": true
  },
  "minecraft:nether/obtain_crying_obsidian": {
    "criteria": {
      "crying_obsidian": "2024-06-23 02:32:17 +0000"
    },
    "done": true
  },
  "irons_spellbooks:irons_spellbooks/make_scroll_forge": {
    "criteria": {
      "scroll_forge": "2024-06-23 02:40:47 +0000"
    },
    "done": true
  },
  "morevillagers:all_workstations_get": {
    "criteria": {
      "smithingtable": "2024-06-23 02:45:53 +0000"
    },
    "done": false
  },
  "minecraft:nether/uneasy_alliance": {
    "criteria": {
      "killed_ghast": "2024-06-23 02:28:53 +0000"
    },
    "done": true
  },
  "farmersdelight:main/craft_knife": {
    "criteria": {
      "golden_knife": "2024-06-23 02:32:08 +0000"
    },
    "done": true
  },
  "morevillagers:first_workstation_get": {
    "criteria": {
      "smithingtable": "2024-06-23 02:45:53 +0000"
    },
    "done": true
  },
  "DataVersion": 3465
}